cluster,target,contig,SQ_gene_content_set,SQ_pathway,SQ_score,taxonomy,bitscore_list,evalue_list,locus,order
66,"GCA_902754915.1_GLIGFB_00381,GCA_902754915.1_GLIGFB_00384,GCA_902754915.1_GLIGFB_00385,GCA_902754915.1_GLIGFB_00386,GCA_902754915.1_GLIGFB_00387,GCA_902754915.1_GLIGFB_00388",CACVLH010000002.1,"sqvB,sqvD,sqwF,sqwG,sqwH,sqwI",sulfo-TK,min_up,d__Bacteria;p__Bacillota;c__Clostridia;o__Oscillospirales;f__Oscillospiraceae;g__CAG-103;s__CAG-103 sp900317905,"[142.0, 217.0, 162.0, 291.0, 298.0, 255.0]","[1.6599999999999999e-40, 5.99e-66, 3.31e-50, 1.81e-96, 2.12e-100, 5.82e-79]","sqvB,sqvD,sqwF,sqwG,sqwH,sqwI",Oscillospirales
392,"GCA_902755455.1_HAJFOH_00507,GCA_902755455.1_HAJFOH_00508,GCA_902755455.1_HAJFOH_00509,GCA_902755455.1_HAJFOH_00510,GCA_902755455.1_HAJFOH_00511,GCA_902755455.1_HAJFOH_00512",CACVNO010000004.1,"sqvD,sqwF,sqwG,sqwH,sqwI,yihQ",sulfo-TK,min_up,d__Bacteria;p__Bacillota;c__Clostridia;o__Oscillospirales;f__Oscillospiraceae;g__Limivicinus;s__Limivicinus sp900319635,"[391.0, 275.0, 295.0, 292.0, 159.0, 206.0]","[1.12e-125, 1.51e-86, 3.47e-99, 8.999999999999999e-97, 2.69e-49, 9.02e-62]","sqvD,sqwF,sqwG,sqwH,sqwI,yihQ",Oscillospirales
445,"GCA_902755505.1_FCKGBA_00805,GCA_902755505.1_FCKGBA_00808,GCA_902755505.1_FCKGBA_00809,GCA_902755505.1_FCKGBA_00810,GCA_902755505.1_FCKGBA_00811,GCA_902755505.1_FCKGBA_00812,GCA_902755505.1_FCKGBA_00814",CACVNV010000015.1,"sedA,slaB,sqiA,squF,sqvD,yihV",sulfo-EMP,max,d__Bacteria;p__Bacillota;c__Clostridia;o__Lachnospirales;f__Lachnospiraceae;g__Faecalimonas;s__Faecalimonas sp900316755,"[61.6, 213.0, 100.0, 104.0, 94.4, 173.0, 48.5]","[2.37e-09, 5.42e-62, 6.74e-23, 9.2e-23, 1.65e-21, 3.51e-51, 0.000146]","sedA,slaB,sqiA,squF,sqvD,yihV",Lachnospirales
584,"GCA_902755725.1_OGGBFD_01658,GCA_902755725.1_OGGBFD_01659,GCA_902755725.1_OGGBFD_01660,GCA_902755725.1_OGGBFD_01661",CACVOI010000078.1,"sqvA,sqvB,sqvD,yihQ",sulfo-TAL,min_up,d__Bacteria;p__Bacillota;c__Clostridia;o__Oscillospirales;f__Acutalibacteraceae;g__Eubacterium_R;s__Eubacterium_R sp900316345,"[584.0, 262.0, 152.0, 292.0]","[6.09e-201, 2.5599999999999998e-84, 2.11e-44, 2.67e-93]","sqvA,sqvB,sqvD,yihQ",Oscillospirales
603,"GCA_902755775.1_KFDMNO_00126,GCA_902755775.1_KFDMNO_00127,GCA_902755775.1_KFDMNO_00128,GCA_902755775.1_KFDMNO_00129,GCA_902755775.1_KFDMNO_00130,GCA_902755775.1_KFDMNO_00131",CACVOP010000002.1,"sqvD,sqwF,sqwG,sqwH,sqwI,yihQ",sulfo-TK,min_up,d__Bacteria;p__Bacillota;c__Clostridia;o__Oscillospirales;f__Oscillospiraceae;g__Limivicinus;s__Limivicinus sp900320465,"[679.0, 281.0, 279.0, 278.0, 162.0, 200.0]","[4.98e-238, 6.14e-89, 7.61e-93, 2.51e-91, 2.33e-50, 2.0800000000000002e-59]","sqvD,sqwF,sqwG,sqwH,sqwI,yihQ",Oscillospirales
675,"GCA_902755885.1_LMFEPJ_01817,GCA_902755885.1_LMFEPJ_01818,GCA_902755885.1_LMFEPJ_01819,GCA_902755885.1_LMFEPJ_01820,GCA_902755885.1_LMFEPJ_01821",CACVOX010000050.1,"sqvD,sqwF,sqwG,sqwH,sqwI",sulfo-TK,min_up,d__Bacteria;p__Bacillota;c__Clostridia;o__Oscillospirales;f__Oscillospiraceae;g__Limivicinus;s__Limivicinus sp900316255,"[218.0, 163.0, 291.0, 286.0, 191.0]","[3.1000000000000003e-66, 8.17e-51, 2.56e-96, 5.59e-96, 1.0099999999999999e-55]","sqvD,sqwF,sqwG,sqwH,sqwI",Oscillospirales
829,"GCA_902756115.1_IENOOE_01025,GCA_902756115.1_IENOOE_01026,GCA_902756115.1_IENOOE_01027,GCA_902756115.1_IENOOE_01028,GCA_902756115.1_IENOOE_01029",CACVPT010000022.1,"sqvD,sqwF,sqwG,sqwH,sqwI",sulfo-TK,min_up,d__Bacteria;p__Bacillota;c__Clostridia;o__Oscillospirales;f__Oscillospiraceae;g__Limivicinus;s__,"[208.0, 162.0, 295.0, 286.0, 279.0]","[1.13e-62, 2.33e-50, 5.54e-98, 1.07e-95, 4.7e-88]","sqvD,sqwF,sqwG,sqwH,sqwI",Oscillospirales
1402,"GCA_902756965.1_FCAJKB_00417,GCA_902756965.1_FCAJKB_00418,GCA_902756965.1_FCAJKB_00419,GCA_902756965.1_FCAJKB_00420,GCA_902756965.1_FCAJKB_00421",CACVTF010000006.1,"sqvA,sqvB,sqvD,yihQ,yihU",sulfo-TAL,max,d__Bacteria;p__Bacillota;c__Clostridia;o__Christensenellales;f__CAG-917;g__CAG-475;s__CAG-475 sp900322215,"[283.0, 142.0, 125.0, 270.0, 561.0]","[7.569999999999999e-90, 1.1399999999999999e-40, 1.05e-32, 1.1999999999999999e-90, 5.0100000000000004e-192]","sqvA,sqvB,sqvD,yihQ,yihU",Christensenellales
1440,"GCA_902757025.1_CANEDN_00316,GCA_902757025.1_CANEDN_00317,GCA_902757025.1_CANEDN_00318,GCA_902757025.1_CANEDN_00319,GCA_902757025.1_CANEDN_00320,GCA_902757025.1_CANEDN_00323,GCA_902757025.1_CANEDN_00324",CACVTL010000002.1,"sqvB,sqvD,sqwF,sqwG,sqwH,sqwI,yihQ",sulfo-TK,min_up,d__Bacteria;p__Bacillota;c__Clostridia;o__Oscillospirales;f__Oscillospiraceae;g__CAG-103;s__CAG-103 sp900316745,"[282.0, 291.0, 287.0, 175.0, 203.0, 120.0, 383.0]","[2.13e-89, 1.88e-97, 8.069999999999999e-95, 2.27e-55, 9.36e-61, 3.53e-32, 9.91e-123]","sqvB,sqvD,sqwF,sqwG,sqwH,sqwI,yihQ",Oscillospirales
1719,"GCA_902757715.1_BMNMOC_00470,GCA_902757715.1_BMNMOC_00473,GCA_902757715.1_BMNMOC_00474,GCA_902757715.1_BMNMOC_00475,GCA_902757715.1_BMNMOC_00476,GCA_902757715.1_BMNMOC_00477,GCA_902757715.1_BMNMOC_00479,GCA_902757715.1_BMNMOC_00482",CACVWD010000015.1,"sedA,sqvB,sqvD,sqwF,sqwG,sqwH,sqwI,yihQ",sulfo-TK,min_up,d__Bacteria;p__Bacillota;c__Clostridia;o__Christensenellales;f__CAG-138;g__UBA3792;s__UBA3792 sp900318745,"[145.0, 218.0, 154.0, 283.0, 291.0, 276.0, 413.0, 70.5]","[1.0499999999999999e-41, 2.14e-66, 2.53e-47, 2.8e-93, 1.14e-97, 7.36e-87, 2.74e-134, 1.14e-12]","sedA,sqvB,sqvD,sqwF,sqwG,sqwH,sqwI,yihQ",Christensenellales
2181,"GCA_902758975.1_PDNLID_01452,GCA_902758975.1_PDNLID_01453,GCA_902758975.1_PDNLID_01454,GCA_902758975.1_PDNLID_01455,GCA_902758975.1_PDNLID_01457",CACWAU010000038.1,"sqvD,sqwF,sqwG,sqwH,sqwI",sulfo-TK,min_up,d__Bacteria;p__Bacillota;c__Clostridia;o__Oscillospirales;f__Oscillospiraceae;g__Limivicinus;s__Limivicinus sp900320595,"[207.0, 162.0, 280.0, 280.0, 235.0]","[3.14e-62, 1.64e-50, 6.229999999999999e-92, 4.04e-93, 2.6900000000000004e-72]","sqvD,sqwF,sqwG,sqwH,sqwI",Oscillospirales
2594,"GCA_902759805.1_KFMKEG_01678,GCA_902759805.1_KFMKEG_01679,GCA_902759805.1_KFMKEG_01681",CACWEF010000325.1,"sqvA,yihQ,yihU",sulfo-TAL,max,d__Bacteria;p__Bacillota;c__Clostridia;o__Oscillospirales;f__Acutalibacteraceae;g__UBA1081;s__UBA1081 sp900321595,"[102.0, 262.0, 602.0]","[9.62e-24, 9.21e-88, 1.1e-207]","sqvA,yihQ,yihU",Oscillospirales
3161,"GCA_902760415.1_OHCENC_00120,GCA_902760415.1_OHCENC_00121,GCA_902760415.1_OHCENC_00122,GCA_902760415.1_OHCENC_00123",CACWGK010000002.1,"sqvA,sqvD,sqwG,sqwH",sulfo-TAL,min_up,d__Bacteria;p__Bacillota;c__Clostridia;o__Lachnospirales;f__Lachnospiraceae;g__Eubacterium_Q;s__Eubacterium_Q sp002349225,"[63.2, 248.0, 260.0, 159.0]","[4.28e-09, 2.47e-79, 2.16e-85, 3.43e-47]","sqvA,sqvD,sqwG,sqwH",Lachnospirales
3283,"GCA_902760595.1_GKDGGA_01187,GCA_902760595.1_GKDGGA_01188,GCA_902760595.1_GKDGGA_01189",CACWHI010000014.1,"sqiA,sqvD,yihV",sulfo-EMP,min_up,d__Bacteria;p__Bacillota;c__Clostridia;o__Christensenellales;f__Aristaeellaceae;g__UBA4246;s__UBA4246 sp902760595,"[118.0, 160.0, 96.7]","[1.32e-29, 3.2e-46, 4.86e-20]","sqiA,sqvD,yihV",Christensenellales
3315,"GCA_902760695.1_GDKJEF_01556,GCA_902760695.1_GDKJEF_01557,GCA_902760695.1_GDKJEF_01558,GCA_902760695.1_GDKJEF_01559",CACWHJ010000013.1,"sqvA,sqvD,sqwG,sqwH",sulfo-TAL,min_up,d__Bacteria;p__Bacillota;c__Clostridia;o__Lachnospirales;f__Lachnospiraceae;g__Eubacterium_Q;s__Eubacterium_Q sp900316715,"[159.0, 264.0, 232.0, 63.9]","[2.4200000000000004e-47, 4.08e-87, 4.4700000000000005e-73, 2.43e-09]","sqvA,sqvD,sqwG,sqwH",Lachnospirales
3498,"GCA_902761055.1_LEBANJ_00697,GCA_902761055.1_LEBANJ_00699,GCA_902761055.1_LEBANJ_00700,GCA_902761055.1_LEBANJ_00701,GCA_902761055.1_LEBANJ_00702,GCA_902761055.1_LEBANJ_00703",CACWIS010000005.1,"sqvD,sqwF,sqwG,sqwH,sqwI,yihQ",sulfo-TK,min_up,d__Bacteria;p__Bacillota;c__Clostridia;o__Oscillospirales;f__Oscillospiraceae;g__Limivicinus;s__Limivicinus sp902761055,"[666.0, 280.0, 291.0, 283.0, 166.0, 204.0]","[4.29e-233, 1.72e-88, 1.6200000000000002e-97, 3.84e-93, 1e-51, 3.45e-61]","sqvD,sqwF,sqwG,sqwH,sqwI,yihQ",Oscillospirales
3749,"GCA_902761415.1_CDCJLL_01255,GCA_902761415.1_CDCJLL_01256,GCA_902761415.1_CDCJLL_01257,GCA_902761415.1_CDCJLL_01258,GCA_902761415.1_CDCJLL_01259,GCA_902761415.1_CDCJLL_01260",CACWKG010000057.1,"sqvD,sqwF,sqwG,sqwH,sqwI",sulfo-TK,min_up,d__Bacteria;p__Bacillota;c__Clostridia;o__Oscillospirales;f__Oscillospiraceae;g__Limivicinus;s__Limivicinus sp002371675,"[153.0, 266.0, 269.0, 290.0, 166.0, 194.0]","[1.82e-41, 5.72e-83, 3.48e-89, 5.14e-96, 9.72e-52, 1.24e-57]","sqvD,sqwF,sqwG,sqwH,sqwI",Oscillospirales
3820,"GCA_902761665.1_KDKEBL_00273,GCA_902761665.1_KDKEBL_00274,GCA_902761665.1_KDKEBL_00275,GCA_902761665.1_KDKEBL_00276,GCA_902761665.1_KDKEBL_00279,GCA_902761665.1_KDKEBL_00280",CACWLA010000003.1,"sqvD,sqwF,sqwG,sqwH,sqwI,yihQ",sulfo-TK,min_up,d__Bacteria;p__Bacillota;c__Clostridia;o__Lachnospirales;f__Lachnospiraceae;g__UBA6987;s__UBA6987 sp902761665,"[211.0, 166.0, 310.0, 283.0, 257.0, 388.0]","[1.44e-63, 7.069999999999999e-52, 5.03e-104, 2.6e-94, 4.03e-79, 1.6700000000000002e-124]","sqvD,sqwF,sqwG,sqwH,sqwI,yihQ",Lachnospirales
3919,"GCA_902761635.1_AHAPNN_01204,GCA_902761635.1_AHAPNN_01206,GCA_902761635.1_AHAPNN_01207,GCA_902761635.1_AHAPNN_01208,GCA_902761635.1_AHAPNN_01209,GCA_902761635.1_AHAPNN_01210,GCA_902761635.1_AHAPNN_01213",CACWLG010000014.1,"sqvB,sqvD,sqwF,sqwG,sqwH,sqwI,yihQ",sulfo-TK,min_up,d__Bacteria;p__Bacillota;c__Clostridia;o__Oscillospirales;f__Oscillospiraceae;g__Limivicinus;s__Limivicinus sp902761635,"[672.0, 257.0, 292.0, 293.0, 164.0, 213.0, 137.0]","[3.1500000000000004e-235, 2.06e-79, 4e-98, 4.48e-97, 4.06e-51, 1.85e-64, 2.0599999999999998e-38]","sqvB,sqvD,sqwF,sqwG,sqwH,sqwI,yihQ",Oscillospirales
4952,"GCA_902763105.1_GLLPJP_01351,GCA_902763105.1_GLLPJP_01352,GCA_902763105.1_GLLPJP_01355",CACWQX010000029.1,"sqiA,sqvD,yihV",sulfo-EMP,min_up,d__Bacteria;p__Bacillota;c__Clostridia;o__Monoglobales;f__Monoglobaceae;g__UMGS1820;s__UMGS1820 sp900545865,"[125.0, 157.0, 71.6]","[2.55e-32, 4.71e-45, 7.83e-12]","sqiA,sqvD,yihV",Monoglobales
4957,"GCA_902763105.1_GLLPJP_01968,GCA_902763105.1_GLLPJP_01970",CACWQX010000077.1,"sqvA,sqvD",sulfo-TAL,min_up,d__Bacteria;p__Bacillota;c__Clostridia;o__Monoglobales;f__Monoglobaceae;g__UMGS1820;s__UMGS1820 sp900545865,"[73.9, 120.0]","[1.37e-12, 5.46e-32]","sqvA,sqvD",Monoglobales
5933,"GCA_902765005.1_OOCCEL_01603,GCA_902765005.1_OOCCEL_01604,GCA_902765005.1_OOCCEL_01605,GCA_902765005.1_OOCCEL_01606,GCA_902765005.1_OOCCEL_01607",CACWYB010000013.1,"sqvD,sqwF,sqwG,sqwH,sqwI",sulfo-TK,min_up,d__Bacteria;p__Bacillota;c__Clostridia;o__Christensenellales;f__CAG-138;g__RUG472;s__RUG472 sp902765005,"[205.0, 166.0, 283.0, 278.0, 278.0]","[1.7399999999999998e-61, 4.98e-52, 2.71e-93, 1.1499999999999999e-92, 6.83e-88]","sqvD,sqwF,sqwG,sqwH,sqwI",Christensenellales
6273,"GCA_902765595.1_DCCOFP_00238,GCA_902765595.1_DCCOFP_00239,GCA_902765595.1_DCCOFP_00240,GCA_902765595.1_DCCOFP_00241,GCA_902765595.1_DCCOFP_00242,GCA_902765595.1_DCCOFP_00243",CACXAQ010000002.1,"sqvD,sqwF,sqwG,sqwH,sqwI,yihQ",sulfo-TK,min_up,d__Bacteria;p__Bacillota;c__Clostridia;o__Oscillospirales;f__Oscillospiraceae;g__Limivicinus;s__Limivicinus sp002350825,"[379.0, 271.0, 297.0, 297.0, 166.0, 217.0]","[4.51e-121, 6.600000000000001e-85, 6.05e-100, 9.7e-99, 3.35e-51, 4.37e-66]","sqvD,sqwF,sqwG,sqwH,sqwI,yihQ",Oscillospirales
6358,"GCA_902765755.1_GPJEBB_00273,GCA_902765755.1_GPJEBB_00274,GCA_902765755.1_GPJEBB_00275,GCA_902765755.1_GPJEBB_00276",CACXAY010000002.1,"sqvA,sqvD,sqwG,sqwH",sulfo-TAL,min_up,d__Bacteria;p__Bacillota;c__Clostridia;o__Lachnospirales;f__Lachnospiraceae;g__Eubacterium_Q;s__Eubacterium_Q sp002350525,"[160.0, 262.0, 230.0, 63.5]","[8.569999999999999e-48, 3.3100000000000004e-86, 2.5200000000000003e-72, 3.23e-09]","sqvA,sqvD,sqwG,sqwH",Lachnospirales
6431,"GCA_902765825.1_NPDOHO_00168,GCA_902765825.1_NPDOHO_00170,GCA_902765825.1_NPDOHO_00171,GCA_902765825.1_NPDOHO_00172,GCA_902765825.1_NPDOHO_00173,GCA_902765825.1_NPDOHO_00174",CACXBE010000003.1,"sqvD,sqwF,sqwG,sqwH,sqwI,yihQ",sulfo-TK,min_up,d__Bacteria;p__Bacillota;c__Clostridia;o__Oscillospirales;f__Oscillospiraceae;g__Limivicinus;s__Limivicinus sp902775985,"[691.0, 271.0, 284.0, 285.0, 161.0, 206.0]","[9.72e-243, 4.68e-85, 8.41e-95, 6.74e-94, 6.66e-50, 8.78e-62]","sqvD,sqwF,sqwG,sqwH,sqwI,yihQ",Oscillospirales
6487,"GCA_902765885.1_JALEPH_00933,GCA_902765885.1_JALEPH_00934,GCA_902765885.1_JALEPH_00935,GCA_902765885.1_JALEPH_00936",CACXBN010000165.1,"sqvA,sqvB,yihQ,yihU",sulfo-TAL,max,d__Bacteria;p__Bacillota;c__Clostridia;o__Oscillospirales;f__CAG-272;g__UMGS1696;s__UMGS1696 sp902765885,"[170.0, 117.0, 261.0, 637.0]","[2.43e-51, 1.7800000000000001e-29, 1.85e-87, 8.96e-222]","sqvA,sqvB,yihQ,yihU",Oscillospirales
6768,"GCA_902766055.1_FBEIDI_00419,GCA_902766055.1_FBEIDI_00420",CACXCF010000065.1,"sqvA,sqvD",sulfo-TAL,min_up,d__Bacteria;p__Bacillota;c__Clostridia;o__Lachnospirales;f__Lachnospiraceae;g__Eubacterium_Q;s__Eubacterium_Q sp000703065,"[157.0, 52.8]","[1.37e-46, 8.55e-06]","sqvA,sqvD",Lachnospirales
7175,"GCA_902766465.1_DKDOLE_00075,GCA_902766465.1_DKDOLE_00076",CACXDO010000005.1,"sqvA,sqvD",sulfo-TAL,min_up,d__Bacteria;p__Bacillota;c__Clostridia;o__Oscillospirales;f__Acutalibacteraceae;g__UBA737;s__UBA737 sp016287385,"[97.1, 108.0]","[3.72e-20, 1.08e-27]","sqvA,sqvD",Oscillospirales
7381,"GCA_902766515.1_BNEHKL_00683,GCA_902766515.1_BNEHKL_00684,GCA_902766515.1_BNEHKL_00685,GCA_902766515.1_BNEHKL_00686",CACXEB010000130.1,"sqiA,squF,sqvD,yihV",sulfo-EMP,min_up,d__Bacteria;p__Bacillota;c__Clostridia;o__Christensenellales;f__Aristaeellaceae;g__UBA4246;s__,"[103.0, 160.0, 95.9, 77.4]","[5.37e-24, 2.2699999999999997e-46, 8.79e-20, 1.25e-14]","sqiA,squF,sqvD,yihV",Christensenellales
7540,"GCA_902766665.1_PMLFIB_01293,GCA_902766665.1_PMLFIB_01294,GCA_902766665.1_PMLFIB_01295,GCA_902766665.1_PMLFIB_01296",CACXEF010000040.1,"sqvA,sqvD,yihQ,yihU",sulfo-TAL,max,d__Bacteria;p__Bacillota;c__Clostridia;o__Lachnospirales;f__Bianqueaceae;g__RUG159;s__RUG159 sp900316145,"[262.0, 100.0, 274.0, 592.0]","[1.26e-87, 4.86e-23, 3.1700000000000006e-86, 1.55e-204]","sqvA,sqvD,yihQ,yihU",Lachnospirales
7608,"GCA_902766655.1_AACABB_01547,GCA_902766655.1_AACABB_01548,GCA_902766655.1_AACABB_01549,GCA_902766655.1_AACABB_01550",CACXEL010000292.1,"sqvA,sqvD,yihQ,yihU",sulfo-TAL,max,d__Bacteria;p__Bacillota;c__Clostridia;o__Lachnospirales;f__Lachnospiraceae;g__Chordicoccus;s__Chordicoccus sp902766655,"[283.0, 113.0, 263.0, 547.0]","[8.259999999999999e-90, 4.77e-28, 4.42e-88, 1.56e-186]","sqvA,sqvD,yihQ,yihU",Lachnospirales
7743,"GCA_902766745.1_NMLPPN_00345,GCA_902766745.1_NMLPPN_00348,GCA_902766745.1_NMLPPN_00349,GCA_902766745.1_NMLPPN_00351",CACXES010000025.1,"sqiA,sqvB,sqvD,yihV",sulfo-EMP,min_up,d__Bacteria;p__Bacillota;c__Clostridia;o__Monoglobales;f__Monoglobaceae;g__UMGS1820;s__UMGS1820 sp902766745,"[80.1, 162.0, 119.0, 160.0]","[1.39e-14, 5.32e-47, 8.83e-30, 1.35e-47]","sqiA,sqvB,sqvD,yihV",Monoglobales
8110,"GCA_902766895.1_PENHKH_01727,GCA_902766895.1_PENHKH_01728,GCA_902766895.1_PENHKH_01729,GCA_902766895.1_PENHKH_01730",CACXFQ010000169.1,"sqvA,sqvD,yihQ,yihU",sulfo-TAL,max,d__Bacteria;p__Bacillota;c__Clostridia;o__Lachnospirales;f__Bianqueaceae;g__RUG760;s__RUG760 sp900322165,"[275.0, 108.0, 276.0, 530.0]","[1.62e-92, 3.39e-26, 4.28e-87, 1.24e-179]","sqvA,sqvD,yihQ,yihU",Lachnospirales
8433,"GCA_902767265.1_HMPJDE_00163,GCA_902767265.1_HMPJDE_00164,GCA_902767265.1_HMPJDE_00165",CACXGT010000022.1,"sqiA,sqvD,yihV",sulfo-EMP,min_up,d__Bacteria;p__Bacillota;c__Clostridia;o__Oscillospirales;f__QAMX01;g__RUG11797;s__RUG11797 sp017441705,"[107.0, 108.0, 157.0]","[1.96e-25, 3.66e-24, 5.819999999999999e-45]","sqiA,sqvD,yihV",Oscillospirales
11088,"GCA_902773005.1_PELFAC_01828,GCA_902773005.1_PELFAC_01829,GCA_902773005.1_PELFAC_01830",CACYCS010000173.1,"sqiA,sqvD,yihV",sulfo-EMP,min_up,d__Bacteria;p__Bacillota;c__Bacilli;o__RFN20;f__CAG-826;g__Alloenteromonas;s__Alloenteromonas sp902773005,"[163.0, 126.0, 61.6]","[2.6800000000000004e-47, 9.74e-33, 1.22e-08]","sqiA,sqvD,yihV",RFN20
11386,"GCA_902773175.1_KHMCMM_00525,GCA_902773175.1_KHMCMM_00531",CACYDR010000035.1,"sqvA,yihU",sulfo-TAL,min_down,d__Bacteria;p__Bacillota;c__Clostridia;o__Lachnospirales;f__Lachnospiraceae;g__Anaerobutyricum;s__Anaerobutyricum sp002494165,"[106.0, 107.0]","[1.84e-25, 5.9000000000000005e-27]","sqvA,yihU",Lachnospirales
11443,"GCA_902773275.1_EHOMHI_00738,GCA_902773275.1_EHOMHI_00739,GCA_902773275.1_EHOMHI_00740,GCA_902773275.1_EHOMHI_00741",CACYDU010000051.1,"sqvA,sqvD,yihQ,yihU",sulfo-TAL,max,d__Bacteria;p__Bacillota;c__Clostridia;o__Lachnospirales;f__Bianqueaceae;g__RUG159;s__RUG159 sp902796435,"[590.0, 269.0, 95.5, 260.0]","[9.95e-204, 1.9099999999999999e-84, 2.14e-21, 5.15e-87]","sqvA,sqvD,yihQ,yihU",Lachnospirales
11634,"GCA_902773355.1_CEHNMO_00136,GCA_902773355.1_CEHNMO_00137,GCA_902773355.1_CEHNMO_00138,GCA_902773355.1_CEHNMO_00139,GCA_902773355.1_CEHNMO_00140,GCA_902773355.1_CEHNMO_00141",CACYEI010000018.1,"sqvB,sqvD,sqwF,sqwG,sqwH,sqwI",sulfo-TK,min_up,d__Bacteria;p__Spirochaetota;c__Spirochaetia;o__Sphaerochaetales;f__Sphaerochaetaceae;g__CACYEI01;s__CACYEI01 sp902773355,"[232.0, 273.0, 240.0, 126.0, 147.0, 106.0]","[5.84e-70, 2.18e-90, 1.7e-76, 2.81e-36, 5.28e-39, 2.07e-26]","sqvB,sqvD,sqwF,sqwG,sqwH,sqwI",Sphaerochaetales
11885,"GCA_902773585.1_MIGJFK_01496,GCA_902773585.1_MIGJFK_01497,GCA_902773585.1_MIGJFK_01498,GCA_902773585.1_MIGJFK_01499,GCA_902773585.1_MIGJFK_01500",CACYFA010000016.1,"sqvD,sqwF,sqwG,sqwH,sqwI",sulfo-TK,min_up,d__Bacteria;p__Bacillota;c__Clostridia;o__Oscillospirales;f__Oscillospiraceae;g__Limivicinus;s__Limivicinus sp900317375,"[279.0, 291.0, 294.0, 160.0, 211.0]","[3.25e-88, 1.5800000000000002e-97, 1.53e-97, 1.85e-49, 7.080000000000001e-64]","sqvD,sqwF,sqwG,sqwH,sqwI",Oscillospirales
12274,"GCA_902774015.1_JLDIED_00574,GCA_902774015.1_JLDIED_00575,GCA_902774015.1_JLDIED_00576,GCA_902774015.1_JLDIED_00577,GCA_902774015.1_JLDIED_00578",CACYHB010000003.1,"sqvD,sqwF,sqwG,sqwH,sqwI",sulfo-TK,min_up,d__Bacteria;p__Bacillota;c__Clostridia;o__Oscillospirales;f__Oscillospiraceae;g__Limivicinus;s__Limivicinus sp902774015,"[264.0, 290.0, 294.0, 166.0, 214.0]","[2.32e-82, 4.49e-97, 1.53e-97, 4.85e-52, 9.31e-65]","sqvD,sqwF,sqwG,sqwH,sqwI",Oscillospirales
12405,"GCA_902774165.1_FBKNLO_01996,GCA_902774165.1_FBKNLO_01997,GCA_902774165.1_FBKNLO_01998",CACYHJ010000216.1,"sqvA,sqvD,yihU",sulfo-TAL,max,d__Bacteria;p__Bacillota;c__Clostridia;o__Oscillospirales;f__Acutalibacteraceae;g__RGIG2774;s__RGIG2774 sp902774165,"[265.0, 121.0, 112.0]","[5.459999999999999e-89, 5.86e-31, 1.17e-25]","sqvA,sqvD,yihU",Oscillospirales
12570,"GCA_902774215.1_EBCNMK_00714,GCA_902774215.1_EBCNMK_00715,GCA_902774215.1_EBCNMK_00716",CACYHU010000014.1,"sqiA,sqiK,sqvD",sulfo-EMP,min_up,d__Bacteria;p__Chloroflexota;c__Anaerolineae;o__Anaerolineales;f__Anaerolineaceae;g__Flexilinea;s__Flexilinea sp902774215,"[165.0, 159.0, 136.0]","[9.86e-46, 2.26e-42, 8.04e-37]","sqiA,sqiK,sqvD",Anaerolineales
12932,"GCA_902774915.1_EHENFI_00820,GCA_902774915.1_EHENFI_00821,GCA_902774915.1_EHENFI_00822,GCA_902774915.1_EHENFI_00824",CACYKH010000005.1,"sqvA,sqvD,sqwG,sqwH",sulfo-TAL,min_up,d__Bacteria;p__Bacillota;c__Clostridia;o__Lachnospirales;f__Lachnospiraceae;g__Eubacterium_Q;s__Eubacterium_Q sp902777655,"[157.0, 248.0, 246.0, 60.1]","[1.3299999999999999e-46, 1.03e-80, 6.810000000000001e-79, 2.63e-08]","sqvA,sqvD,sqwG,sqwH",Lachnospirales
13392,"GCA_902775555.1_FAICGF_01384,GCA_902775555.1_FAICGF_01385,GCA_902775555.1_FAICGF_01386,GCA_902775555.1_FAICGF_01387",CACYMQ010000022.1,"sqvA,sqvD,sqwG,sqwH",sulfo-TAL,min_up,d__Bacteria;p__Bacillota;c__Clostridia;o__Lachnospirales;f__Lachnospiraceae;g__Eubacterium_Q;s__Eubacterium_Q sp902775555,"[159.0, 243.0, 238.0, 56.6]","[1.6700000000000002e-47, 7.41e-79, 2.04e-75, 5.02e-07]","sqvA,sqvD,sqwG,sqwH",Lachnospirales
13476,"GCA_902775735.1_IBJFPG_00636,GCA_902775735.1_IBJFPG_00637,GCA_902775735.1_IBJFPG_00638,GCA_902775735.1_IBJFPG_00639,GCA_902775735.1_IBJFPG_00640,GCA_902775735.1_IBJFPG_00645",CACYNH010000007.1,"sqvA,sqvB,sqvD,yihQ,yihU,yihV",sulfo-TAL,max,d__Bacteria;p__Bacillota;c__Bacilli;o__Erysipelotrichales;f__Erysipelotrichaceae;g__Bulleidia;s__Bulleidia sp902775735,"[255.0, 157.0, 127.0, 565.0, 52.8, 105.0]","[8.67e-79, 1.82e-46, 3.9000000000000004e-33, 1.2e-193, 2.58e-06, 3.22e-26]","sqvA,sqvB,sqvD,yihQ,yihU,yihV",Erysipelotrichales
13517,"GCA_902775875.1_KENGKO_01324,GCA_902775875.1_KENGKO_01325,GCA_902775875.1_KENGKO_01326,GCA_902775875.1_KENGKO_01327,GCA_902775875.1_KENGKO_01328,GCA_902775875.1_KENGKO_01329,GCA_902775875.1_KENGKO_01330,GCA_902775875.1_KENGKO_01332",CACYNQ010000015.1,"sqvA,sqvB,sqvD,sqwF,sqwG,sqwH,sqwI,yihQ",sulfo-TK,min_up,d__Bacteria;p__Bacillota;c__Clostridia;o__Lachnospirales;f__Lachnospiraceae;g__UBA629;s__UBA629 sp900317915,"[288.0, 189.0, 410.0, 335.0, 248.0, 273.0, 155.0, 541.0]","[3.87e-98, 3.94e-61, 2.14e-143, 4.12e-115, 4.33e-78, 1.1900000000000001e-85, 1.91e-45, 3.77e-184]","sqvA,sqvB,sqvD,sqwF,sqwG,sqwH,sqwI,yihQ",Lachnospirales
13517,"GCA_902775875.1_KENGKO_01324,GCA_902775875.1_KENGKO_01325,GCA_902775875.1_KENGKO_01326,GCA_902775875.1_KENGKO_01327,GCA_902775875.1_KENGKO_01328,GCA_902775875.1_KENGKO_01329,GCA_902775875.1_KENGKO_01330,GCA_902775875.1_KENGKO_01332",CACYNQ010000015.1,"sqvA,sqvB,sqvD,sqwF,sqwG,sqwH,sqwI,yihQ",sulfo-TAL,min_up,d__Bacteria;p__Bacillota;c__Clostridia;o__Lachnospirales;f__Lachnospiraceae;g__UBA629;s__UBA629 sp900317915,"[288.0, 189.0, 410.0, 335.0, 248.0, 273.0, 155.0, 541.0]","[3.87e-98, 3.94e-61, 2.14e-143, 4.12e-115, 4.33e-78, 1.1900000000000001e-85, 1.91e-45, 3.77e-184]","sqvA,sqvB,sqvD,sqwF,sqwG,sqwH,sqwI,yihQ",Lachnospirales
13660,"GCA_902775995.1_CJGLOE_00969,GCA_902775995.1_CJGLOE_00972,GCA_902775995.1_CJGLOE_00973,GCA_902775995.1_CJGLOE_00975",CACYOP010000011.1,"sqiA,sqvB,sqvD,yihV",sulfo-EMP,min_up,d__Bacteria;p__Bacillota;c__Clostridia;o__Oscillospirales;f__Acutalibacteraceae;g__UBA737;s__UBA737 sp900754145,"[97.8, 175.0, 113.0, 132.0]","[1.99e-20, 4.98e-52, 6.37e-28, 7.49e-37]","sqiA,sqvB,sqvD,yihV",Oscillospirales
13790,"GCA_902776285.1_EKJIAF_01838,GCA_902776285.1_EKJIAF_01839,GCA_902776285.1_EKJIAF_01840,GCA_902776285.1_EKJIAF_01842",CACYPK010000033.1,"sqvA,sqvD,yihQ,yihU",sulfo-TAL,max,d__Bacteria;p__Bacillota;c__Clostridia;o__Peptostreptococcales;f__Anaerovoracaceae;g__Crickella;s__Crickella sp902776285,"[585.0, 249.0, 109.0, 276.0]","[1.15e-201, 1.59e-82, 1.7500000000000002e-26, 7.81e-87]","sqvA,sqvD,yihQ,yihU",Peptostreptococcales
13809,"GCA_902776355.1_ELOIGK_00634,GCA_902776355.1_ELOIGK_00636,GCA_902776355.1_ELOIGK_00637,GCA_902776355.1_ELOIGK_00638",CACYPT010000004.1,"sqvA,sqvD,yihQ,yihU",sulfo-TAL,max,d__Bacteria;p__Bacillota;c__Clostridia;o__Lachnospirales;f__Lachnospiraceae;g__RUG306;s__RUG306 sp900316075,"[256.0, 112.0, 275.0, 524.0]","[4.23e-79, 8.84e-28, 6.11e-93, 1.92e-177]","sqvA,sqvD,yihQ,yihU",Lachnospirales
13873,"GCA_902776445.1_LIGPLI_01222,GCA_902776445.1_LIGPLI_01223",CACYPX010000189.1,"sqvA,yihQ",sulfo-TAL,min_up,d__Bacteria;p__Bacillota;c__Clostridia;o__Oscillospirales;f__Acutalibacteraceae;g__RUG714;s__RUG714 sp902794945,"[572.0, 283.0]","[3.93e-196, 5.57e-96]","sqvA,yihQ",Oscillospirales
13916,"GCA_902776395.1_EGEAHC_00566,GCA_902776395.1_EGEAHC_00567,GCA_902776395.1_EGEAHC_00568,GCA_902776395.1_EGEAHC_00569",CACYQC010000020.1,"sqvA,sqvD,sqwG,sqwH",sulfo-TAL,min_up,d__Bacteria;p__Bacillota;c__Clostridia;o__Lachnospirales;f__Lachnospiraceae;g__Eubacterium_Q;s__Eubacterium_Q sp902776395,"[60.1, 246.0, 253.0, 160.0]","[3.99e-08, 9.63e-79, 1.11e-82, 8.34e-48]","sqvA,sqvD,sqwG,sqwH",Lachnospirales
14468,"GCA_902777215.1_FFNCOF_00667,GCA_902777215.1_FFNCOF_00672,GCA_902777215.1_FFNCOF_00674,GCA_902777215.1_FFNCOF_00675,GCA_902777215.1_FFNCOF_00676,GCA_902777215.1_FFNCOF_00677",CACYSW010000006.1,"sqiA,sqvA,sqvB,sqvD,yihQ,yihU",sulfo-TAL,max,d__Bacteria;p__Bacillota;c__Clostridia;o__Oscillospirales;f__Acutalibacteraceae;g__Fimenecus;s__Fimenecus sp900315985,"[181.0, 586.0, 298.0, 124.0, 168.0, 278.0]","[6.91e-54, 1.63e-201, 6.53e-102, 5.36e-32, 9.940000000000001e-51, 6.65e-88]","sqiA,sqvA,sqvB,sqvD,yihQ,yihU",Oscillospirales
14661,"GCA_902777435.1_BFKGOO_00968,GCA_902777435.1_BFKGOO_00971,GCA_902777435.1_BFKGOO_00972,GCA_902777435.1_BFKGOO_00975",CACYTW010000053.1,"sqiA,sqvB,sqvD,yihV",sulfo-EMP,min_up,d__Bacteria;p__Bacillota;c__Clostridia;o__Monoglobales;f__Monoglobaceae;g__UMGS1820;s__UMGS1820 sp902777435,"[91.3, 169.0, 117.0, 131.0]","[3.04e-18, 8.22e-50, 5.46e-29, 1.6e-36]","sqiA,sqvB,sqvD,yihV",Monoglobales
15033,"GCA_902778155.1_FNENEL_01456,GCA_902778155.1_FNENEL_01458,GCA_902778155.1_FNENEL_01459,GCA_902778155.1_FNENEL_01460,GCA_902778155.1_FNENEL_01461,GCA_902778155.1_FNENEL_01462",CACYWU010000012.1,"sqvD,sqwF,sqwG,sqwH,sqwI,yihQ",sulfo-TK,min_up,d__Bacteria;p__Bacillota;c__Clostridia;o__Oscillospirales;f__Oscillospiraceae;g__Limivicinus;s__Limivicinus sp902778665,"[660.0, 278.0, 252.0, 290.0, 164.0, 206.0]","[1.85e-230, 8.85e-88, 1.29e-82, 1.08e-95, 3.83e-51, 1.17e-61]","sqvD,sqwF,sqwG,sqwH,sqwI,yihQ",Oscillospirales
15163,"GCA_902778275.1_BOKDHH_00817,GCA_902778275.1_BOKDHH_00820,GCA_902778275.1_BOKDHH_00821,GCA_902778275.1_BOKDHH_00822,GCA_902778275.1_BOKDHH_00823,GCA_902778275.1_BOKDHH_00824,GCA_902778275.1_BOKDHH_00827",CACYXE010000007.1,"sqvB,sqvD,sqwF,sqwG,sqwH,sqwI,yihQ",sulfo-TK,min_up,d__Bacteria;p__Bacillota;c__Clostridia;o__Oscillospirales;f__Oscillospiraceae;g__Limivicinus;s__Limivicinus sp902778275,"[380.0, 264.0, 290.0, 288.0, 163.0, 213.0, 134.0]","[1.85e-121, 2.18e-82, 2.28e-97, 2.92e-95, 8.13e-51, 2.59e-64, 2.28e-37]","sqvB,sqvD,sqwF,sqwG,sqwH,sqwI,yihQ",Oscillospirales
15463,"GCA_902778725.1_NBPDBI_00038,GCA_902778725.1_NBPDBI_00041,GCA_902778725.1_NBPDBI_00042",CACYYS010000001.1,"sqiA,sqvD,yihV",sulfo-EMP,min_up,d__Bacteria;p__Bacillota;c__Clostridia;o__Oscillospirales;f__CAG-272;g__RUG12395;s__RUG12395 sp902778725,"[97.4, 164.0, 118.0]","[2.69e-20, 1.03e-47, 1.1900000000000001e-29]","sqiA,sqvD,yihV",Oscillospirales
16545,"GCA_902779945.1_HKIONG_00608,GCA_902779945.1_HKIONG_00611,GCA_902779945.1_HKIONG_00612,GCA_902779945.1_HKIONG_00613,GCA_902779945.1_HKIONG_00614,GCA_902779945.1_HKIONG_00615,GCA_902779945.1_HKIONG_00617",CACZDN010000005.1,"sqvB,sqvD,sqwF,sqwG,sqwH,sqwI,yihQ",sulfo-TK,min_up,d__Bacteria;p__Bacillota;c__Clostridia;o__Oscillospirales;f__Oscillospiraceae;g__Limivicinus;s__Limivicinus sp902779945,"[124.0, 194.0, 153.0, 290.0, 293.0, 278.0, 667.0]","[1.66e-33, 4.87e-57, 2.11e-46, 5.11e-96, 2.72e-98, 1.31e-87, 1.45e-233]","sqvB,sqvD,sqwF,sqwG,sqwH,sqwI,yihQ",Oscillospirales
16769,"GCA_902780405.1_AOEGBL_01837,GCA_902780405.1_AOEGBL_01838",CACZFI010000010.1,"sqvA,sqvD",sulfo-TAL,min_up,d__Bacteria;p__Bacillota;c__Clostridia;o__Lachnospirales;f__Lachnospiraceae;g__Wujia;s__Wujia sp902780405,"[62.0, 157.0]","[9.96e-09, 1.87e-46]","sqvA,sqvD",Lachnospirales
17015,"GCA_902780565.1_ICAHBO_02385,GCA_902780565.1_ICAHBO_02386,GCA_902780565.1_ICAHBO_02387,GCA_902780565.1_ICAHBO_02388",CACZGD010000111.1,"sqvA,sqvB,yihQ,yihU",sulfo-TAL,max,d__Bacteria;p__Bacillota;c__Clostridia;o__Oscillospirales;f__Acutalibacteraceae;g__RUG806;s__RUG806 sp902780565,"[593.0, 291.0, 112.0, 158.0]","[2.42e-204, 5.36e-99, 9.41e-28, 1.1399999999999999e-46]","sqvA,sqvB,yihQ,yihU",Oscillospirales
17564,"GCA_902781225.1_JECOAO_02011,GCA_902781225.1_JECOAO_02013,GCA_902781225.1_JECOAO_02014",CACZIN010000027.1,"sqvA,sqvB,sqvD",sulfo-TAL,min_up,d__Bacteria;p__Bacillota;c__Clostridia;o__Lachnospirales;f__Lachnospiraceae;g__Roseburia;s__Roseburia sp902781225,"[156.0, 67.8, 133.0]","[3.86e-46, 1.45e-10, 2.7700000000000003e-37]","sqvA,sqvB,sqvD",Lachnospirales
17706,"GCA_902781345.1_CBENNK_00812,GCA_902781345.1_CBENNK_00813,GCA_902781345.1_CBENNK_00816",CACZIY010000033.1,"sqiA,sqvD,yihV",sulfo-EMP,min_up,d__Bacteria;p__Bacillota;c__Clostridia;o__Oscillospirales;f__Acutalibacteraceae;g__RUG11462;s__RUG11462 sp902781345,"[116.0, 157.0, 97.1]","[4.5800000000000004e-29, 5.22e-45, 3.72e-20]","sqiA,sqvD,yihV",Oscillospirales
17852,"GCA_902781505.1_KEGLEL_01227,GCA_902781505.1_KEGLEL_01229,GCA_902781505.1_KEGLEL_01230",CACZJL010000015.1,"sqvA,sqvB,sqvD",sulfo-TAL,min_up,d__Bacteria;p__Bacillota;c__Clostridia;o__Lachnospirales;f__Lachnospiraceae;g__UBA4285;s__UBA4285 sp902781505,"[143.0, 69.3, 143.0]","[3.59e-41, 4.54e-11, 3.85e-41]","sqvA,sqvB,sqvD",Lachnospirales
17935,"GCA_902781475.1_HIJHFP_00444,GCA_902781475.1_HIJHFP_00447,GCA_902781475.1_HIJHFP_00448,GCA_902781475.1_HIJHFP_00451",CACZJS010000006.1,"sqiA,sqvB,sqvD,yihV",sulfo-EMP,min_up,d__Bacteria;p__Bacillota;c__Clostridia;o__Monoglobales;f__Monoglobaceae;g__UMGS1820;s__UMGS1820 sp902760955,"[95.1, 170.0, 115.0, 133.0]","[1.64e-19, 5.96e-50, 2.02e-28, 4.13e-37]","sqiA,sqvB,sqvD,yihV",Monoglobales
17991,"GCA_902781635.1_CLEBII_00512,GCA_902781635.1_CLEBII_00513,GCA_902781635.1_CLEBII_00514,GCA_902781635.1_CLEBII_00515,GCA_902781635.1_CLEBII_00516",CACZJY010000022.1,"sqvA,sqvB,sqvD,yihQ,yihU",sulfo-TAL,max,d__Bacteria;p__Bacillota;c__Bacilli;o__RFN20;f__CAG-288;g__Enterosoma;s__Enterosoma sp902771745,"[134.0, 134.0, 95.1, 269.0, 459.0]","[1.76e-37, 2.9700000000000002e-33, 3.04e-21, 1.58e-90, 3.93e-152]","sqvA,sqvB,sqvD,yihQ,yihU",RFN20
18179,"GCA_902781895.1_KKCJLP_00019,GCA_902781895.1_KKCJLP_00020",CACZLA010000001.1,"sqvA,sqvD",sulfo-TAL,min_up,d__Bacteria;p__Bacillota;c__Clostridia;o__Lachnospirales;f__Lachnospiraceae;g__Eubacterium_Q;s__Eubacterium_Q sp902781895,"[54.3, 160.0]","[2.77e-06, 8.529999999999999e-48]","sqvA,sqvD",Lachnospirales
18187,"GCA_902781895.1_KKCJLP_01170,GCA_902781895.1_KKCJLP_01171",CACZLA010000022.1,"sqvA,sqvD",sulfo-TAL,min_up,d__Bacteria;p__Bacillota;c__Clostridia;o__Lachnospirales;f__Lachnospiraceae;g__Eubacterium_Q;s__Eubacterium_Q sp902781895,"[161.0, 58.5]","[3.01e-48, 1.26e-07]","sqvA,sqvD",Lachnospirales
18230,"GCA_902781975.1_LFDJBG_02006,GCA_902781975.1_LFDJBG_02008,GCA_902781975.1_LFDJBG_02009",CACZLC010000027.1,"sqvA,sqvB,sqvD",sulfo-TAL,min_up,d__Bacteria;p__Bacillota;c__Clostridia;o__Lachnospirales;f__Lachnospiraceae;g__Lachnospira;s__Lachnospira sp003537285,"[163.0, 66.6, 154.0]","[5.32e-49, 3.34e-10, 2.02e-45]","sqvA,sqvB,sqvD",Lachnospirales
18861,"GCA_902782725.1_BNOPAG_01643,GCA_902782725.1_BNOPAG_01644,GCA_902782725.1_BNOPAG_01645,GCA_902782725.1_BNOPAG_01646",CACZOD010000182.1,"sqvA,sqvD,yihQ,yihU",sulfo-TAL,max,d__Bacteria;p__Bacillota;c__Clostridia;o__Oscillospirales;f__Acutalibacteraceae;g__Eubacterium_R;s__Eubacterium_R sp017476375,"[563.0, 293.0, 115.0, 290.0]","[1.65e-192, 4.47e-100, 8.98e-29, 2.1e-92]","sqvA,sqvD,yihQ,yihU",Oscillospirales
18884,"GCA_902782755.1_FKBOGH_00928,GCA_902782755.1_FKBOGH_00929",CACZOF010000127.1,"sqvA,yihQ",sulfo-TAL,min_up,d__Bacteria;p__Bacillota;c__Clostridia;o__Oscillospirales;f__Acutalibacteraceae;g__CAG-177;s__CAG-177 sp016285645,"[280.0, 616.0]","[9.69e-95, 2.96e-213]","sqvA,yihQ",Oscillospirales
18950,"GCA_902782765.1_DMJAEN_00105,GCA_902782765.1_DMJAEN_00106,GCA_902782765.1_DMJAEN_00107",CACZOM010000011.1,"sqiA,sqiK,sqvD",sulfo-EMP,min_up,d__Bacteria;p__Bacillota;c__Clostridia;o__Christensenellales;f__Aristaeellaceae;g__UBA2943;s__UBA2943 sp900321565,"[137.0, 157.0, 151.0]","[4.27e-37, 1.68e-41, 1.16e-40]","sqiA,sqiK,sqvD",Christensenellales
19092,"GCA_902782845.1_COMMNG_01676,GCA_902782845.1_COMMNG_01677,GCA_902782845.1_COMMNG_01678,GCA_902782845.1_COMMNG_01679,GCA_902782845.1_COMMNG_01680",CACZOP010000208.1,"sqvA,sqvB,sqvD,yihQ,yihU",sulfo-TAL,max,d__Bacteria;p__Bacillota;c__Clostridia;o__Oscillospirales;f__Acutalibacteraceae;g__RUG806;s__RUG806 sp902782845,"[574.0, 280.0, 123.0, 161.0, 251.0]","[7.079999999999999e-197, 9.369999999999999e-95, 1.15e-31, 7.35e-48, 1.68e-77]","sqvA,sqvB,sqvD,yihQ,yihU",Oscillospirales
19466,"GCA_902782995.1_EKJEBD_00741,GCA_902782995.1_EKJEBD_00742,GCA_902782995.1_EKJEBD_00743",CACZPJ010000058.1,"sqvA,sqvB,sqvD",sulfo-TAL,min_up,d__Bacteria;p__Bacillota;c__Clostridia;o__Lachnospirales;f__Lachnospiraceae;g__Roseburia_C;s__Roseburia_C sp902782995,"[152.0, 71.2, 135.0]","[8.96e-45, 1.03e-11, 4.26e-38]","sqvA,sqvB,sqvD",Lachnospirales
19497,"GCA_902783015.1_GOPLDC_00310,GCA_902783015.1_GOPLDC_00311",CACZPL010000040.1,"sqvA,sqvD",sulfo-TAL,min_up,d__Bacteria;p__Bacillota;c__Clostridia;o__Lachnospirales;f__Lachnospiraceae;g__Wujia;s__Wujia sp902783015,"[53.9, 155.0]","[3.67e-06, 1.09e-45]","sqvA,sqvD",Lachnospirales
19642,"GCA_902783115.1_DLAHBH_01445,GCA_902783115.1_DLAHBH_01448,GCA_902783115.1_DLAHBH_01449",CACZPW010000217.1,"sqiA,sqvD,yihV",sulfo-EMP,min_up,d__Bacteria;p__Bacillota;c__Clostridia;o__UBA1381;f__UBA1381;g__12844;s__12844 sp902783115,"[94.0, 177.0, 129.0]","[3.93e-19, 8.13e-53, 5.41e-34]","sqiA,sqvD,yihV",UBA1381
19860,"GCA_902783375.1_APFGNI_01759,GCA_902783375.1_APFGNI_01760,GCA_902783375.1_APFGNI_01761",CACZQN010000046.1,"sqiA,sqvD,yihV",sulfo-EMP,min_up,d__Bacteria;p__Bacillota;c__Clostridia;o__Lachnospirales;f__Lachnospiraceae;g__Catonella;s__Catonella sp902783375,"[104.0, 92.8, 159.0]","[1.2e-22, 4.42e-20, 7.63e-46]","sqiA,sqvD,yihV",Lachnospirales
19895,"GCA_902783385.1_JHBFBD_00728,GCA_902783385.1_JHBFBD_00729,GCA_902783385.1_JHBFBD_00730",CACZQP010000071.1,"slaB,sqiA,sqiK",sulfo-EMP,min_down,d__Bacteria;p__Bacillota;c__Clostridia;o__Lachnospirales;f__Lachnospiraceae;g__CAG-791;s__CAG-791 sp902783385,"[212.0, 189.0, 171.0]","[1.11e-61, 1.1299999999999997e-54, 7.31e-50]","slaB,sqiA,sqiK",Lachnospirales
20150,"GCA_902783565.1_MNPIIH_01826,GCA_902783565.1_MNPIIH_01827,GCA_902783565.1_MNPIIH_01828,GCA_902783565.1_MNPIIH_01829",CACZRF010000380.1,"sqvA,sqvD,yihQ,yihU",sulfo-TAL,max,d__Bacteria;p__Bacillota;c__Clostridia;o__Lachnospirales;f__Bianqueaceae;g__RUG159;s__RUG159 sp017474705,"[579.0, 270.0, 95.5, 261.0]","[1.91e-199, 1.01e-84, 2.19e-21, 2.62e-87]","sqvA,sqvD,yihQ,yihU",Lachnospirales
20211,"GCA_902783535.1_PCNILC_00306,GCA_902783535.1_PCNILC_00307,GCA_902783535.1_PCNILC_00308",CACZRJ010000039.1,"sqvA,yihQ,yihU",sulfo-TAL,max,d__Bacteria;p__Bacillota;c__Clostridia;o__Oscillospirales;f__CAG-382;g__Coliplasma;s__Coliplasma sp902783535,"[124.0, 258.0, 386.0]","[5.73e-32, 5.89e-86, 1.85e-128]","sqvA,yihQ,yihU",Oscillospirales
20305,"GCA_902783645.1_PFCOPL_01075,GCA_902783645.1_PFCOPL_01076,GCA_902783645.1_PFCOPL_01077",CACZRO010000138.1,"sqvA,sqvD,yihU",sulfo-TAL,max,d__Bacteria;p__Bacillota;c__Clostridia;o__Oscillospirales;f__Acutalibacteraceae;g__RUG420;s__RUG420 sp900318715,"[250.0, 108.0, 276.0]","[6.64e-83, 3.3300000000000003e-26, 5.2e-87]","sqvA,sqvD,yihU",Oscillospirales
20314,"GCA_902783575.1_FNGALF_00117,GCA_902783575.1_FNGALF_00118,GCA_902783575.1_FNGALF_00119",CACZRP010000011.1,"sqvA,sqvB,sqvD",sulfo-TAL,min_up,d__Bacteria;p__Bacillota;c__Clostridia;o__Lachnospirales;f__Bianqueaceae;g__RUG760;s__RUG760 sp902783575,"[127.0, 54.7, 147.0]","[8.430000000000001e-35, 2.08e-06, 1.17e-42]","sqvA,sqvB,sqvD",Lachnospirales
20342,"GCA_902783575.1_FNGALF_01538,GCA_902783575.1_FNGALF_01539,GCA_902783575.1_FNGALF_01540,GCA_902783575.1_FNGALF_01541",CACZRP010000090.1,"sqvA,sqvD,yihQ,yihU",sulfo-TAL,max,d__Bacteria;p__Bacillota;c__Clostridia;o__Lachnospirales;f__Bianqueaceae;g__RUG760;s__RUG760 sp902783575,"[593.0, 301.0, 108.0, 279.0]","[9.77e-205, 1.51e-96, 3.25e-26, 2.68e-94]","sqvA,sqvD,yihQ,yihU",Lachnospirales
20498,"GCA_902783755.1_GIHBOO_00780,GCA_902783755.1_GIHBOO_00783,GCA_902783755.1_GIHBOO_00784,GCA_902783755.1_GIHBOO_00785,GCA_902783755.1_GIHBOO_00786,GCA_902783755.1_GIHBOO_00787",CACZSC010000128.1,"sqvB,sqvD,sqwF,sqwG,sqwH,sqwI",sulfo-TK,min_up,d__Bacteria;p__Bacillota;c__Clostridia;o__Oscillospirales;f__CAG-272;g__UMGS1696;s__UMGS1696 sp902783755,"[130.0, 211.0, 156.0, 281.0, 280.0, 267.0]","[8.28e-36, 1.02e-63, 6.219999999999999e-48, 1.54e-92, 2.84e-93, 1.44e-83]","sqvB,sqvD,sqwF,sqwG,sqwH,sqwI",Oscillospirales
21034,"GCA_902784155.1_OHDFAD_01815,GCA_902784155.1_OHDFAD_01816,GCA_902784155.1_OHDFAD_01817,GCA_902784155.1_OHDFAD_01818",CACZTQ010000290.1,"sqvA,sqvD,yihQ,yihU",sulfo-TAL,max,d__Bacteria;p__Bacillota;c__Clostridia;o__Oscillospirales;f__Acutalibacteraceae;g__CAG-177;s__CAG-177 sp902784155,"[353.0, 285.0, 129.0, 276.0]","[1.15e-115, 6.97e-97, 5.17e-34, 7.12e-87]","sqvA,sqvD,yihQ,yihU",Oscillospirales
21340,"GCA_902784805.1_PKEPNO_00491,GCA_902784805.1_PKEPNO_00492,GCA_902784805.1_PKEPNO_00493",CACZWD010000010.1,"sqiA,sqvD,yihV",sulfo-EMP,min_up,d__Bacteria;p__Bacillota;c__Clostridia;o__RUG12999;f__RUG12999;g__RUG12999;s__RUG12999 sp902784805,"[87.0, 168.0, 122.0]","[7.65e-17, 2.49e-49, 3.0800000000000003e-31]","sqiA,sqvD,yihV",RUG12999
21616,"GCA_902785145.1_HNBBBG_01277,GCA_902785145.1_HNBBBG_01278,GCA_902785145.1_HNBBBG_01279,GCA_902785145.1_HNBBBG_01280,GCA_902785145.1_HNBBBG_01281",CACZXJ010000020.1,"sqvA,sqvB,sqvD,yihQ,yihU",sulfo-TAL,max,d__Bacteria;p__Bacillota;c__Clostridia;o__Oscillospirales;f__Acutalibacteraceae;g__Eubacterium_R;s__Eubacterium_R sp002371215,"[592.0, 288.0, 115.0, 144.0, 291.0]","[4.91e-204, 6.01e-98, 1.2799999999999999e-28, 2.03e-41, 1.02e-92]","sqvA,sqvB,sqvD,yihQ,yihU",Oscillospirales
21656,"GCA_902785115.1_DLGOHA_00808,GCA_902785115.1_DLGOHA_00809,GCA_902785115.1_DLGOHA_00810,GCA_902785115.1_DLGOHA_00811,GCA_902785115.1_DLGOHA_00812",CACZXQ010000027.1,"sqvD,sqwF,sqwG,sqwH,sqwI",sulfo-TK,min_up,d__Bacteria;p__Bacillota;c__Clostridia;o__Oscillospirales;f__Oscillospiraceae;g__Limivicinus;s__Limivicinus sp902785115,"[213.0, 167.0, 289.0, 295.0, 270.0]","[1.34e-64, 3.5e-52, 1.03e-95, 3.45e-99, 1.38e-84]","sqvD,sqwF,sqwG,sqwH,sqwI",Oscillospirales
21676,"GCA_902785205.1_LKOIJN_01589,GCA_902785205.1_LKOIJN_01593,GCA_902785205.1_LKOIJN_01594,GCA_902785205.1_LKOIJN_01595,GCA_902785205.1_LKOIJN_01596,GCA_902785205.1_LKOIJN_01597,GCA_902785205.1_LKOIJN_01598",CACZXR010000020.1,"sqvB,sqvD,sqwF,sqwG,sqwH,sqwI,yihQ",sulfo-TK,min_up,d__Bacteria;p__Bacillota;c__Clostridia;o__Oscillospirales;f__Oscillospiraceae;g__Limivicinus;s__Limivicinus sp900319695,"[125.0, 195.0, 151.0, 298.0, 283.0, 282.0, 728.0]","[4.6799999999999996e-34, 1.24e-57, 4.12e-46, 2.39e-99, 1.7399999999999998e-94, 2.98e-89, 1.94e-257]","sqvB,sqvD,sqwF,sqwG,sqwH,sqwI,yihQ",Oscillospirales
22199,"GCA_902785745.1_DHJKLC_00791,GCA_902785745.1_DHJKLC_00792,GCA_902785745.1_DHJKLC_00793,GCA_902785745.1_DHJKLC_00794,GCA_902785745.1_DHJKLC_00795,GCA_902785745.1_DHJKLC_00796,GCA_902785745.1_DHJKLC_00797",CACZZV010000036.1,"sqvD,sqwF,sqwG,sqwH,sqwI,yihQ",sulfo-TK,min_up,d__Bacteria;p__Bacillota;c__Clostridia;o__Oscillospirales;f__Oscillospiraceae;g__Limivicinus;s__,"[154.0, 49.3, 163.0, 281.0, 293.0, 268.0, 727.0]","[2.43e-43, 7.95e-06, 1.15e-50, 1.0899999999999999e-92, 2.8099999999999998e-98, 9.95e-84, 8.430000000000001e-257]","sqvD,sqwF,sqwG,sqwH,sqwI,yihQ",Oscillospirales
22327,"GCA_902785905.1_ECABFM_00941,GCA_902785905.1_ECABFM_00944,GCA_902785905.1_ECABFM_00945,GCA_902785905.1_ECABFM_00946,GCA_902785905.1_ECABFM_00947,GCA_902785905.1_ECABFM_00948",CADAAM010000035.1,"sqvB,sqvD,sqwF,sqwG,sqwH,sqwI",sulfo-TK,min_up,d__Bacteria;p__Bacillota;c__Clostridia;o__Oscillospirales;f__Oscillospiraceae;g__Limivicinus;s__Limivicinus sp902785905,"[125.0, 199.0, 149.0, 298.0, 284.0, 281.0]","[4.6799999999999996e-34, 5.77e-59, 2.36e-45, 2.39e-99, 6.1e-95, 5.94e-89]","sqvB,sqvD,sqwF,sqwG,sqwH,sqwI",Oscillospirales
22686,"GCA_902786255.1_PPOHJP_00152,GCA_902786255.1_PPOHJP_00153",CADABY010000001.1,"sqvA,yihQ",sulfo-TAL,min_up,d__Bacteria;p__Bacillota;c__Clostridia;o__Oscillospirales;f__Acutalibacteraceae;g__CAG-177;s__CAG-177 sp900319455,"[607.0, 275.0]","[8.84e-210, 6.46e-93]","sqvA,yihQ",Oscillospirales
23235,"GCA_902787025.1_GLKNOA_00341,GCA_902787025.1_GLKNOA_00342",CADAER010000006.1,"sqvA,yihQ",sulfo-TAL,min_up,d__Bacteria;p__Bacillota;c__Clostridia;o__Oscillospirales;f__Acutalibacteraceae;g__CAG-177;s__CAG-177 sp902787025,"[609.0, 275.0]","[1.53e-210, 6.36e-93]","sqvA,yihQ",Oscillospirales
23597,"GCA_902787435.1_FGPICE_01590,GCA_902787435.1_FGPICE_01591,GCA_902787435.1_FGPICE_01592",CADAGK010000155.1,"sqvA,sqvD,yihU",sulfo-TAL,max,d__Bacteria;p__Bacillota;c__Clostridia;o__Oscillospirales;f__Acutalibacteraceae;g__RUG806;s__RUG806 sp017439205,"[285.0, 105.0, 279.0]","[2.29e-90, 3.58e-25, 2.98e-94]","sqvA,sqvD,yihU",Oscillospirales
23846,"GCA_902787755.1_MBLBNA_01382,GCA_902787755.1_MBLBNA_01384,GCA_902787755.1_MBLBNA_01385,GCA_902787755.1_MBLBNA_01386,GCA_902787755.1_MBLBNA_01387,GCA_902787755.1_MBLBNA_01388",CADAHL010000017.1,"sqvB,sqvD,sqwF,sqwG,sqwH,sqwI",sulfo-TK,min_up,d__Bacteria;p__Bacillota;c__Clostridia;o__Oscillospirales;f__Oscillospiraceae;g__Limivicinus;s__Limivicinus sp902787755,"[122.0, 209.0, 157.0, 283.0, 289.0, 280.0]","[1.44e-32, 4.0500000000000003e-63, 2.08e-48, 1.87e-93, 9.08e-97, 1.2e-88]","sqvB,sqvD,sqwF,sqwG,sqwH,sqwI",Oscillospirales
24590,"GCA_902788695.1_LOCHHG_01718,GCA_902788695.1_LOCHHG_01719,GCA_902788695.1_LOCHHG_01720,GCA_902788695.1_LOCHHG_01721",CADALD010000024.1,"sqvA,sqvD,sqwG,sqwH",sulfo-TAL,min_up,d__Bacteria;p__Bacillota;c__Clostridia;o__Lachnospirales;f__Lachnospiraceae;g__Eubacterium_Q;s__Eubacterium_Q sp002368685,"[160.0, 253.0, 246.0, 60.8]","[8.39e-48, 1.12e-82, 9.68e-79, 2.28e-08]","sqvA,sqvD,sqwG,sqwH",Lachnospirales
24726,"GCA_902788795.1_OPIDNM_01675,GCA_902788795.1_OPIDNM_01676,GCA_902788795.1_OPIDNM_01677",CADALS010000197.1,"sqvA,sqvB,yihU",sulfo-TAL,min_down,d__Bacteria;p__Bacillota;c__Clostridia;o__Peptostreptococcales;f__Anaerovoracaceae;g__RUG13409;s__RUG13409 sp902788795,"[157.0, 104.0, 263.0]","[3.07e-46, 7.5e-25, 4.48e-88]","sqvA,sqvB,yihU",Peptostreptococcales
24897,"GCA_902788995.1_JEEGCK_02276,GCA_902788995.1_JEEGCK_02277,GCA_902788995.1_JEEGCK_02278",CADAMO010000131.1,"sqvA,sqvD,yihU",sulfo-TAL,max,d__Bacteria;p__Bacillota;c__Clostridia;o__Oscillospirales;f__Acutalibacteraceae;g__RUG806;s__RUG806 sp902788995,"[278.0, 108.0, 288.0]","[6.13e-88, 2.5e-26, 8.39e-98]","sqvA,sqvD,yihU",Oscillospirales
25224,"GCA_902789555.1_DJIJOI_00622,GCA_902789555.1_DJIJOI_00623,GCA_902789555.1_DJIJOI_00626,GCA_902789555.1_DJIJOI_00627,GCA_902789555.1_DJIJOI_00628,GCA_902789555.1_DJIJOI_00629",CADAOF010000002.1,"sqvD,sqwF,sqwG,sqwH,sqwI,yihQ",sulfo-TK,min_up,d__Bacteria;p__Bacillota;c__Clostridia;o__Lachnospirales;f__Lachnospiraceae;g__UBA6987;s__UBA6987 sp902789555,"[386.0, 262.0, 283.0, 307.0, 167.0, 213.0]","[9.06e-124, 3.29e-81, 1.79e-94, 1.14e-102, 2.42e-52, 2.5500000000000003e-64]","sqvD,sqwF,sqwG,sqwH,sqwI,yihQ",Lachnospirales
25413,"GCA_902789675.1_KGEDHD_01432,GCA_902789675.1_KGEDHD_01435,GCA_902789675.1_KGEDHD_01436,GCA_902789675.1_KGEDHD_01437,GCA_902789675.1_KGEDHD_01438,GCA_902789675.1_KGEDHD_01439,GCA_902789675.1_KGEDHD_01443",CADAPG010000048.1,"sqvB,sqvD,sqwF,sqwG,sqwH,sqwI,yihQ",sulfo-TK,min_up,d__Bacteria;p__Bacillota;c__Clostridia;o__Christensenellales;f__CAG-138;g__UBA3792;s__UBA3792 sp902789675,"[142.0, 209.0, 155.0, 277.0, 295.0, 296.0, 400.0]","[1.15e-40, 7.830000000000001e-63, 8.68e-48, 5.08e-91, 4.8200000000000005e-99, 1.24e-94, 2.15e-129]","sqvB,sqvD,sqwF,sqwG,sqwH,sqwI,yihQ",Christensenellales
25430,"GCA_902789745.1_BMNAIJ_00575,GCA_902789745.1_BMNAIJ_00576,GCA_902789745.1_BMNAIJ_00577,GCA_902789745.1_BMNAIJ_00578,GCA_902789745.1_BMNAIJ_00579,GCA_902789745.1_BMNAIJ_00582",CADAPH010000016.1,"sqvB,sqvD,sqwF,sqwG,sqwH,sqwI",sulfo-TK,min_up,d__Bacteria;p__Bacillota;c__Clostridia;o__Oscillospirales;f__Oscillospiraceae;g__Limivicinus;s__Limivicinus sp902789745,"[279.0, 293.0, 287.0, 156.0, 200.0, 127.0]","[6.49e-88, 2.67e-98, 5.76e-95, 4.32e-48, 1.45e-59, 7.670000000000001e-35]","sqvB,sqvD,sqwF,sqwG,sqwH,sqwI",Oscillospirales
26051,"GCA_902790375.1_HMFINM_01900,GCA_902790375.1_HMFINM_01903,GCA_902790375.1_HMFINM_01904,GCA_902790375.1_HMFINM_01905,GCA_902790375.1_HMFINM_01906,GCA_902790375.1_HMFINM_01907,GCA_902790375.1_HMFINM_01909",CADARY010000033.1,"sqvB,sqvD,sqwF,sqwG,sqwH,sqwI,yihQ",sulfo-TK,min_up,d__Bacteria;p__Bacillota;c__Clostridia;o__Oscillospirales;f__Oscillospiraceae;g__Limivicinus;s__Limivicinus sp902790375,"[134.0, 209.0, 164.0, 291.0, 294.0, 254.0, 673.0]","[2.24e-37, 3.95e-63, 3.98e-51, 1.25e-96, 9.69e-99, 3.11e-78, 1.08e-235]","sqvB,sqvD,sqwF,sqwG,sqwH,sqwI,yihQ",Oscillospirales
26324,"GCA_902790685.1_DJHOFF_01724,GCA_902790685.1_DJHOFF_01726,GCA_902790685.1_DJHOFF_01727,GCA_902790685.1_DJHOFF_01730",CADASX010000012.1,"sqiA,sqvB,sqvD,yihV",sulfo-EMP,min_up,d__Bacteria;p__Bacillota;c__Clostridia;o__Oscillospirales;f__Acutalibacteraceae;g__UBA737;s__UBA737 sp900543215,"[133.0, 125.0, 166.0, 95.9]","[5.34e-37, 1.18e-32, 1.36e-48, 8.81e-20]","sqiA,sqvB,sqvD,yihV",Oscillospirales
26604,"GCA_902791055.1_NPCOOI_00217,GCA_902791055.1_NPCOOI_00220,GCA_902791055.1_NPCOOI_00221,GCA_902791055.1_NPCOOI_00223",CADAUL010000002.1,"sqiA,sqvB,sqvD,yihV",sulfo-EMP,min_up,d__Bacteria;p__Bacillota;c__Clostridia;o__Oscillospirales;f__Acutalibacteraceae;g__UBA737;s__UBA737 sp002431945,"[99.8, 168.0, 125.0, 141.0]","[4.51e-21, 3.45e-49, 2.3e-32, 2.7399999999999997e-40]","sqiA,sqvB,sqvD,yihV",Oscillospirales
26704,"GCA_902791235.1_GFKLOL_00812,GCA_902791235.1_GFKLOL_00813,GCA_902791235.1_GFKLOL_00814,GCA_902791235.1_GFKLOL_00815,GCA_902791235.1_GFKLOL_00816",CADAUV010000022.1,"sqvA,sqvB,sqvD,yihQ,yihU",sulfo-TAL,max,d__Bacteria;p__Bacillota;c__Clostridia;o__Oscillospirales;f__Acutalibacteraceae;g__Eubacterium_R;s__Eubacterium_R sp902791235,"[266.0, 150.0, 119.0, 305.0, 574.0]","[2.67e-83, 7.75e-44, 4.48e-30, 8.46e-105, 8.08e-197]","sqvA,sqvB,sqvD,yihQ,yihU",Oscillospirales
26769,"GCA_902791195.1_KAACCF_01320,GCA_902791195.1_KAACCF_01321,GCA_902791195.1_KAACCF_01322,GCA_902791195.1_KAACCF_01323",CADAVA010000129.1,"sqvA,sqvB,yihQ,yihU",sulfo-TAL,max,d__Bacteria;p__Bacillota;c__Clostridia;o__Oscillospirales;f__Acutalibacteraceae;g__RUG714;s__RUG714 sp900321665,"[571.0, 298.0, 112.0, 164.0]","[1.44e-195, 6.57e-102, 1.8000000000000003e-27, 3.11e-49]","sqvA,sqvB,yihQ,yihU",Oscillospirales
27335,"GCA_902792005.1_ENCPKI_00802,GCA_902792005.1_ENCPKI_00803,GCA_902792005.1_ENCPKI_00804,GCA_902792005.1_ENCPKI_00805",CADAXW010000013.1,"sqvA,sqvD,sqwG,sqwH",sulfo-TAL,min_up,d__Bacteria;p__Bacillota;c__Clostridia;o__Lachnospirales;f__Lachnospiraceae;g__Eubacterium_Q;s__Eubacterium_Q sp902792005,"[160.0, 252.0, 245.0, 53.9]","[1.19e-47, 3.51e-82, 2.74e-78, 3.6e-06]","sqvA,sqvD,sqwG,sqwH",Lachnospirales
27535,"GCA_902792295.1_KELELL_01245,GCA_902792295.1_KELELL_01246,GCA_902792295.1_KELELL_01249,GCA_902792295.1_KELELL_01252,GCA_902792295.1_KELELL_01253,GCA_902792295.1_KELELL_01254,GCA_902792295.1_KELELL_01255,GCA_902792295.1_KELELL_01256,GCA_902792295.1_KELELL_01259",CADAZC010000039.1,"sqvB,sqvD,sqwF,sqwG,sqwH,sqwI,yihQ",sulfo-TK,min_up,d__Bacteria;p__Bacillota;c__Clostridia;o__Christensenellales;f__CAG-138;g__UBA3792;s__UBA3792 sp902792295,"[254.0, 242.0, 138.0, 213.0, 154.0, 289.0, 286.0, 276.0, 402.0]","[3.26e-83, 3.97e-77, 7.18e-39, 2.5500000000000003e-64, 3.51e-47, 1.01e-95, 1.72e-95, 5.11e-87, 3.87e-130]","sqvB,sqvD,sqwF,sqwG,sqwH,sqwI,yihQ",Christensenellales
27771,"GCA_902792905.1_DCGHKE_01765,GCA_902792905.1_DCGHKE_01766,GCA_902792905.1_DCGHKE_01767,GCA_902792905.1_DCGHKE_01768",CADBBH010000017.1,"sqvA,sqvD,yihQ,yihU",sulfo-TAL,max,d__Bacteria;p__Bacillota;c__Clostridia;o__Oscillospirales;f__Acutalibacteraceae;g__CAG-177;s__CAG-177 sp902792905,"[275.0, 127.0, 288.0, 584.0]","[9.88e-87, 2.74e-33, 8.39e-98, 9.64e-201]","sqvA,sqvD,yihQ,yihU",Oscillospirales
28001,"GCA_902793285.1_FIJJPH_01568,GCA_902793285.1_FIJJPH_01571,GCA_902793285.1_FIJJPH_01572,GCA_902793285.1_FIJJPH_01573,GCA_902793285.1_FIJJPH_01574,GCA_902793285.1_FIJJPH_01575,GCA_902793285.1_FIJJPH_01577",CADBCV010000024.1,"sqvB,sqvD,sqwF,sqwG,sqwH,sqwI,yihQ",sulfo-TK,min_up,d__Bacteria;p__Bacillota;c__Clostridia;o__Oscillospirales;f__Oscillospiraceae;g__Limivicinus;s__Limivicinus sp902793285,"[123.0, 195.0, 159.0, 285.0, 300.0, 279.0, 673.0]","[2.84e-33, 1.72e-57, 5.2999999999999995e-49, 2.95e-94, 4.96e-101, 6.49e-88, 7.64e-236]","sqvB,sqvD,sqwF,sqwG,sqwH,sqwI,yihQ",Oscillospirales
28422,"GCA_902793895.1_LOBHBC_00614,GCA_902793895.1_LOBHBC_00615,GCA_902793895.1_LOBHBC_00616,GCA_902793895.1_LOBHBC_00617,GCA_902793895.1_LOBHBC_00618",CADBFB010000005.1,"sqvA,sqvB,sqvD,yihQ,yihU",sulfo-TAL,max,d__Bacteria;p__Bacillota;c__Clostridia;o__Lachnospirales;f__Lachnospiraceae;g__RUG191;s__RUG191 sp900316395,"[264.0, 143.0, 119.0, 276.0, 578.0]","[3.03e-82, 1.34e-40, 3.01e-30, 2.85e-93, 1.68e-198]","sqvA,sqvB,sqvD,yihQ,yihU",Lachnospirales
28895,"GCA_902794585.1_FFNKAN_01826,GCA_902794585.1_FFNKAN_01829,GCA_902794585.1_FFNKAN_01830,GCA_902794585.1_FFNKAN_01831,GCA_902794585.1_FFNKAN_01832,GCA_902794585.1_FFNKAN_01833,GCA_902794585.1_FFNKAN_01835",CADBHV010000030.1,"sqvB,sqvD,sqwF,sqwG,sqwH,sqwI,yihQ",sulfo-TK,min_up,d__Bacteria;p__Bacillota;c__Clostridia;o__Oscillospirales;f__Oscillospiraceae;g__Vescimonas;s__Vescimonas sp900317425,"[134.0, 221.0, 166.0, 286.0, 281.0, 271.0, 237.0]","[1.68e-37, 1.89e-67, 9.82e-52, 1.16e-94, 9.17e-94, 3.25e-85, 1.47e-71]","sqvB,sqvD,sqwF,sqwG,sqwH,sqwI,yihQ",Oscillospirales
29109,"GCA_902795005.1_PJJBHD_01289,GCA_902795005.1_PJJBHD_01290,GCA_902795005.1_PJJBHD_01291,GCA_902795005.1_PJJBHD_01292,GCA_902795005.1_PJJBHD_01293",CADBJK010000033.1,"sqvA,sqvB,sqvD,yihQ,yihU",sulfo-TAL,max,d__Bacteria;p__Bacillota;c__Clostridia;o__Oscillospirales;f__Acutalibacteraceae;g__Eubacterium_R;s__Eubacterium_R sp900321905,"[294.0, 148.0, 119.0, 303.0, 576.0]","[8.069999999999999e-94, 6.3400000000000014e-43, 4.38e-30, 4.87e-104, 1.2299999999999998e-197]","sqvA,sqvB,sqvD,yihQ,yihU",Oscillospirales
29327,"GCA_902795195.1_HIFKNJ_00859,GCA_902795195.1_HIFKNJ_00860,GCA_902795195.1_HIFKNJ_00861,GCA_902795195.1_HIFKNJ_00862,GCA_902795195.1_HIFKNJ_00863,GCA_902795195.1_HIFKNJ_00864",CADBKF010000014.1,"sqvB,sqvD,sqwF,sqwG,sqwH,sqwI",sulfo-TK,min_up,d__Bacteria;p__Bacillota;c__Clostridia;o__Oscillospirales;f__Oscillospiraceae;g__Faecousia;s__Faecousia sp902795195,"[276.0, 284.0, 292.0, 163.0, 212.0, 148.0]","[5.26e-87, 9.84e-95, 6.22e-97, 7.75e-51, 3.59e-64, 6.71e-43]","sqvB,sqvD,sqwF,sqwG,sqwH,sqwI",Oscillospirales
29344,"GCA_902795225.1_DKKLHJ_00685,GCA_902795225.1_DKKLHJ_00686,GCA_902795225.1_DKKLHJ_00687,GCA_902795225.1_DKKLHJ_00688,GCA_902795225.1_DKKLHJ_00689,GCA_902795225.1_DKKLHJ_00692",CADBKH010000008.1,"sqvD,sqwF,sqwG,sqwH,sqwI,yihQ",sulfo-TK,min_up,d__Bacteria;p__Bacillota;c__Clostridia;o__Oscillospirales;f__Oscillospiraceae;g__Limivicinus;s__Limivicinus sp946184215,"[204.0, 163.0, 286.0, 275.0, 277.0, 652.0]","[4.75e-61, 8e-51, 1.5299999999999998e-94, 1.84e-91, 1.87e-87, 1.55e-227]","sqvD,sqwF,sqwG,sqwH,sqwI,yihQ",Oscillospirales
29360,"GCA_902795185.1_KOPEHM_00028,GCA_902795185.1_KOPEHM_00029,GCA_902795185.1_KOPEHM_00030,GCA_902795185.1_KOPEHM_00031,GCA_902795185.1_KOPEHM_00032",CADBKI010000001.1,"sqvD,sqwF,sqwG,sqwH,sqwI",sulfo-TK,min_up,d__Bacteria;p__Bacillota;c__Clostridia;o__Oscillospirales;f__Oscillospiraceae;g__Limivicinus;s__Limivicinus sp900316205,"[273.0, 299.0, 297.0, 161.0, 215.0]","[5.83e-86, 7.28e-101, 6.7e-99, 6.51e-50, 3.35e-65]","sqvD,sqwF,sqwG,sqwH,sqwI",Oscillospirales
29582,"GCA_902795425.1_OPPPND_00490,GCA_902795425.1_OPPPND_00491,GCA_902795425.1_OPPPND_00492,GCA_902795425.1_OPPPND_00493,GCA_902795425.1_OPPPND_00494",CADBLD010000003.1,"sqvA,sqvB,sqvD,yihQ,yihU",sulfo-TAL,max,d__Bacteria;p__Bacillota;c__Clostridia;o__Lachnospirales;f__Lachnospiraceae;g__RUG191;s__RUG191 sp900315945,"[259.0, 136.0, 113.0, 271.0, 587.0]","[1.35e-80, 4.6099999999999997e-38, 6.25e-28, 1.9e-91, 3.88e-202]","sqvA,sqvB,sqvD,yihQ,yihU",Lachnospirales
29675,"GCA_902795455.1_FNNBPF_01427,GCA_902795455.1_FNNBPF_01428",CADBLO010000013.1,"sqvA,sqvD",sulfo-TAL,min_up,d__Bacteria;p__Bacillota;c__Clostridia;o__Lachnospirales;f__Lachnospiraceae;g__Eubacterium_Q;s__Eubacterium_Q sp000702245,"[53.1, 160.0]","[6.32e-06, 5.93e-48]","sqvA,sqvD",Lachnospirales
30252,"GCA_902795885.1_INOHOE_00068,GCA_902795885.1_INOHOE_00069,GCA_902795885.1_INOHOE_00070,GCA_902795885.1_INOHOE_00071,GCA_902795885.1_INOHOE_00072,GCA_902795885.1_INOHOE_00073",CADBNC010000009.1,"sqvD,sqwF,sqwG,sqwH,sqwI,yihQ",sulfo-TK,min_up,d__Bacteria;p__Bacillota;c__Clostridia;o__Oscillospirales;f__Oscillospiraceae;g__Limivicinus;s__Limivicinus sp902795885,"[702.0, 263.0, 295.0, 296.0, 167.0, 221.0]","[4.43e-247, 6.01e-82, 4.8200000000000005e-99, 2.7000000000000002e-98, 1.71e-52, 1.34e-67]","sqvD,sqwF,sqwG,sqwH,sqwI,yihQ",Oscillospirales
30373,"GCA_902796055.1_MNKDDH_00111,GCA_902796055.1_MNKDDH_00112,GCA_902796055.1_MNKDDH_00113,GCA_902796055.1_MNKDDH_00114,GCA_902796055.1_MNKDDH_00115",CADBNM010000012.1,"sqvA,sqvB,sqvD,yihQ,yihU",sulfo-TAL,max,d__Bacteria;p__Bacillota;c__Clostridia;o__Oscillospirales;f__Acutalibacteraceae;g__RUG714;s__RUG714 sp902796055,"[601.0, 288.0, 112.0, 153.0, 267.0]","[1.4499999999999999e-207, 4.31e-98, 9.25e-28, 1e-44, 1.89e-83]","sqvA,sqvB,sqvD,yihQ,yihU",Oscillospirales
30618,"GCA_902796115.1_PBEGDI_01833,GCA_902796115.1_PBEGDI_01834,GCA_902796115.1_PBEGDI_01835",CADBNX010000356.1,"sqiA,sqvD,yihV",sulfo-EMP,min_up,d__Bacteria;p__Bacillota;c__Clostridia;o__Christensenellales;f__Aristaeellaceae;g__RUG756;s__RUG756 sp902796115,"[107.0, 132.0, 131.0]","[1.4599999999999998e-23, 1.48e-35, 1.42e-34]","sqiA,sqvD,yihV",Christensenellales
30708,"GCA_902796175.1_NKPCBD_02001,GCA_902796175.1_NKPCBD_02002,GCA_902796175.1_NKPCBD_02003,GCA_902796175.1_NKPCBD_02004",CADBOC010000355.1,"sqvA,sqvB,sqvD,yihU",sulfo-TAL,max,d__Bacteria;p__Bacillota;c__Clostridia;o__Oscillospirales;f__Acutalibacteraceae;g__RUG806;s__RUG806 sp902796175,"[257.0, 169.0, 105.0, 274.0]","[9.73e-80, 4.22e-51, 3.58e-25, 2.49e-92]","sqvA,sqvB,sqvD,yihU",Oscillospirales
30778,"GCA_902796335.1_KGNDIB_01089,GCA_902796335.1_KGNDIB_01091,GCA_902796335.1_KGNDIB_01092,GCA_902796335.1_KGNDIB_01093,GCA_902796335.1_KGNDIB_01094,GCA_902796335.1_KGNDIB_01095,GCA_902796335.1_KGNDIB_01096",CADBOI010000153.1,"sqvB,sqvD,sqwF,sqwG,sqwH,sqwI",sulfo-TK,min_up,d__Bacteria;p__Spirochaetota;c__Spirochaetia;o__Sphaerochaetales;f__Sphaerochaetaceae;g__UBA9732;s__UBA9732 sp902796335,"[45.4, 249.0, 274.0, 238.0, 125.0, 153.0, 108.0]","[0.000992, 1.21e-76, 9.31e-91, 1.12e-75, 1.06e-35, 2.95e-41, 2.29e-27]","sqvB,sqvD,sqwF,sqwG,sqwH,sqwI",Sphaerochaetales
30821,"GCA_902796295.1_OMHOFP_00049,GCA_902796295.1_OMHOFP_00050,GCA_902796295.1_OMHOFP_00051,GCA_902796295.1_OMHOFP_00052",CADBOL010000011.1,"sqvA,sqvD,yihQ,yihU",sulfo-TAL,max,d__Bacteria;p__Bacillota;c__Clostridia;o__Oscillospirales;f__Acutalibacteraceae;g__CAG-177;s__CAG-177 sp902796295,"[278.0, 126.0, 282.0, 563.0]","[1.33e-87, 7.510000000000001e-33, 1.13e-95, 7.39e-194]","sqvA,sqvD,yihQ,yihU",Oscillospirales
30946,"GCA_902796365.1_INJIJC_01725,GCA_902796365.1_INJIJC_01727,GCA_902796365.1_INJIJC_01728",CADBOT010000141.1,"sqvA,sqvB,sqvD",sulfo-TAL,min_up,d__Bacteria;p__Bacillota;c__Clostridia;o__Lachnospirales;f__Lachnospiraceae;g__Lachnospira;s__Lachnospira hominis,"[162.0, 63.9, 151.0]","[1.01e-48, 2.3e-09, 2.29e-44]","sqvA,sqvB,sqvD",Lachnospirales
31139,"GCA_902796485.1_GHGPMJ_01500,GCA_902796485.1_GHGPMJ_01501,GCA_902796485.1_GHGPMJ_01502",CADBPD010000242.1,"sqvA,sqvB,yihU",sulfo-TAL,min_down,d__Bacteria;p__Bacillota;c__Clostridia;o__Lachnospirales;f__Lachnospiraceae;g__Oribacterium;s__Oribacterium sp002449915,"[156.0, 122.0, 261.0]","[4.5599999999999996e-46, 2.9100000000000003e-31, 3.52e-87]","sqvA,sqvB,yihU",Lachnospirales
31195,"GCA_902796445.1_BBJOLO_00020,GCA_902796445.1_BBJOLO_00021,GCA_902796445.1_BBJOLO_00024",CADBPJ010000004.1,"sqiA,sqvD,yihV",sulfo-EMP,min_up,d__Bacteria;p__Bacillota;c__Clostridia;o__UBA1381;f__UBA1381;g__Ornithomonoglobus;s__Ornithomonoglobus sp902796445,"[118.0, 168.0, 99.0]","[8.22e-30, 3.33e-49, 8.09e-21]","sqiA,sqvD,yihV",UBA1381
31196,"GCA_902796445.1_BBJOLO_00043,GCA_902796445.1_BBJOLO_00044,GCA_902796445.1_BBJOLO_00046,GCA_902796445.1_BBJOLO_00047,GCA_902796445.1_BBJOLO_00048,GCA_902796445.1_BBJOLO_00049,GCA_902796445.1_BBJOLO_00050,GCA_902796445.1_BBJOLO_00051,GCA_902796445.1_BBJOLO_00054",CADBPJ010000007.1,"sedA,slaB,sqiA,squF,sqvB,sqvD,yihV",sulfo-EMP,max,d__Bacteria;p__Bacillota;c__Clostridia;o__UBA1381;f__UBA1381;g__Ornithomonoglobus;s__Ornithomonoglobus sp902796445,"[141.0, 161.0, 117.0, 100.0, 179.0, 72.4, 95.9, 219.0, 61.6]","[6.55e-39, 2.04e-46, 6.52e-31, 5.4899999999999995e-24, 1.34e-53, 4.2e-12, 3.14e-21, 2.34e-64, 2.19e-09]","sedA,slaB,sqiA,squF,sqvB,sqvD,yihV",UBA1381
31340,"GCA_902796565.1_FBEMDO_01038,GCA_902796565.1_FBEMDO_01039",CADBPP010000166.1,"sqvA,yihQ",sulfo-TAL,min_up,d__Bacteria;p__Bacillota;c__Clostridia;o__Eubacteriales;f__Anaerofustaceae;g__RUG14186;s__RUG14186 sp902796565,"[248.0, 483.0]","[4.4e-82, 3.3000000000000003e-165]","sqvA,yihQ",Eubacteriales
31344,"GCA_902796565.1_FBEMDO_01251,GCA_902796565.1_FBEMDO_01253,GCA_902796565.1_FBEMDO_01254,GCA_902796565.1_FBEMDO_01255",CADBPP010000211.1,"sqvA,sqvB,yihQ,yihU",sulfo-TAL,max,d__Bacteria;p__Bacillota;c__Clostridia;o__Eubacteriales;f__Anaerofustaceae;g__RUG14186;s__RUG14186 sp902796565,"[439.0, 250.0, 107.0, 145.0]","[7.740000000000001e-148, 8.19e-83, 1.0999999999999999e-25, 9.04e-42]","sqvA,sqvB,yihQ,yihU",Eubacteriales
31511,"GCA_902796725.1_LPOIKH_01344,GCA_902796725.1_LPOIKH_01346,GCA_902796725.1_LPOIKH_01347",CADBQD010000180.1,"sqvA,sqvB,sqvD",sulfo-TAL,min_up,d__Bacteria;p__Bacillota;c__Clostridia;o__Lachnospirales;f__Lachnospiraceae;g__Lachnospira;s__Lachnospira eligens_A,"[162.0, 67.0, 152.0]","[2.02e-48, 2.39e-10, 1.53e-44]","sqvA,sqvB,sqvD",Lachnospirales
33115,"GCA_902797885.1_BEELIL_01734,GCA_902797885.1_BEELIL_01735,GCA_902797885.1_BEELIL_01738",CADBUP010000153.1,"sqiA,sqvD,yihV",sulfo-EMP,min_up,d__Bacteria;p__Bacillota;c__Clostridia;o__Monoglobales;f__Monoglobaceae;g__UMGS1820;s__UMGS1820 sp902797885,"[102.0, 162.0, 93.2]","[8.37e-24, 7.260000000000001e-47, 6.71e-19]","sqiA,sqvD,yihV",Monoglobales
33365,"GCA_902798245.1_FEAANO_01233,GCA_902798245.1_FEAANO_01235,GCA_902798245.1_FEAANO_01236,GCA_902798245.1_FEAANO_01237,GCA_902798245.1_FEAANO_01238,GCA_902798245.1_FEAANO_01239",CADBVX010000027.1,"sqvD,sqwF,sqwG,sqwH,sqwI,yihQ",sulfo-TK,min_up,d__Bacteria;p__Bacillota;c__Clostridia;o__Oscillospirales;f__Oscillospiraceae;g__Limivicinus;s__Limivicinus sp900319935,"[676.0, 293.0, 286.0, 281.0, 165.0, 212.0]","[9.42e-237, 9.49e-94, 7.12e-96, 1.46e-92, 1.9e-51, 3.46e-64]","sqvD,sqwF,sqwG,sqwH,sqwI,yihQ",Oscillospirales
33448,"GCA_902798545.1_HNLIKJ_00501,GCA_902798545.1_HNLIKJ_00504,GCA_902798545.1_HNLIKJ_00507,GCA_902798545.1_HNLIKJ_00508,GCA_902798545.1_HNLIKJ_00509,GCA_902798545.1_HNLIKJ_00510,GCA_902798545.1_HNLIKJ_00511,GCA_902798545.1_HNLIKJ_00512",CADBWQ010000003.1,"sqvB,sqvD,sqwF,sqwG,sqwH,sqwI,yihQ",sulfo-TK,min_up,d__Bacteria;p__Bacillota;c__Clostridia;o__Oscillospirales;f__Oscillospiraceae;g__Limivicinus;s__Limivicinus sp902798545,"[49.7, 140.0, 222.0, 163.0, 285.0, 291.0, 273.0, 703.0]","[7.85e-05, 6.22e-40, 4.6199999999999994e-68, 7.71e-51, 4.49e-94, 2.31e-97, 5.620000000000001e-86, 1.9100000000000003e-247]","sqvB,sqvD,sqwF,sqwG,sqwH,sqwI,yihQ",Oscillospirales
33552,"GCA_902798485.1_DJMGAM_01937,GCA_902798485.1_DJMGAM_01941,GCA_902798485.1_DJMGAM_01942",CADBXB010000041.1,"sqiA,sqiK,sqvD",sulfo-EMP,min_up,d__Bacteria;p__Bacillota;c__Clostridia;o__Lachnospirales;f__Lachnospiraceae;g__CAG-791;s__CAG-791 sp900317555,"[144.0, 162.0, 162.0]","[8.72e-40, 1.56e-43, 1.49e-44]","sqiA,sqiK,sqvD",Lachnospirales
35030,"GCA_902800535.1_KCCBAI_00049,GCA_902800535.1_KCCBAI_00052,GCA_902800535.1_KCCBAI_00053,GCA_902800535.1_KCCBAI_00054,GCA_902800535.1_KCCBAI_00055,GCA_902800535.1_KCCBAI_00056,GCA_902800535.1_KCCBAI_00057",CADCEL010000001.1,"sqvB,sqvD,sqwF,sqwG,sqwH,sqwI,yihQ",sulfo-TK,min_up,d__Bacteria;p__Bacillota;c__Clostridia;o__Oscillospirales;f__Oscillospiraceae;g__Limivicinus;s__Limivicinus sp900321275,"[122.0, 198.0, 155.0, 289.0, 296.0, 276.0, 722.0]","[8.94e-33, 7.7e-59, 8.37e-48, 9.73e-96, 1.57e-99, 4.93e-87, 6.96e-255]","sqvB,sqvD,sqwF,sqwG,sqwH,sqwI,yihQ",Oscillospirales
35409,"GCA_902800905.1_PGPFJM_00209,GCA_902800905.1_PGPFJM_00210,GCA_902800905.1_PGPFJM_00211",CADCGC010000002.1,"sqiA,sqvD,yihV",sulfo-EMP,min_up,d__Bacteria;p__Bacillota;c__Bacilli;o__RFN20;f__CAG-826;g__UBA2450;s__UBA2450 sp902800905,"[56.2, 122.0, 160.0]","[6.17e-07, 1.88e-31, 4.0399999999999996e-46]","sqiA,sqvD,yihV",RFN20
35555,"GCA_902801165.1_MMOKOG_02592,GCA_902801165.1_MMOKOG_02593,GCA_902801165.1_MMOKOG_02597,GCA_902801165.1_MMOKOG_02599,GCA_902801165.1_MMOKOG_02600,GCA_902801165.1_MMOKOG_02601",CADCHI010000052.1,"sedB,sedD,sqiA,squF,sqvD,yihV",sulfo-EMP,min_up,d__Bacteria;p__Bacillota;c__Clostridia;o__Christensenellales;f__Aristaeellaceae;g__UBA2862;s__UBA2862 sp902801165,"[142.0, 60.1, 129.0, 115.0, 171.0, 81.3]","[5.03e-39, 6.97e-09, 1.6299999999999999e-34, 2.62e-28, 1.64e-50, 5.61e-15]","sedB,sedD,sqiA,squF,sqvD,yihV",Christensenellales
35627,"GCA_902801295.1_CNGKJP_01758,GCA_902801295.1_CNGKJP_01760,GCA_902801295.1_CNGKJP_01761,GCA_902801295.1_CNGKJP_01762,GCA_902801295.1_CNGKJP_01763,GCA_902801295.1_CNGKJP_01764,GCA_902801295.1_CNGKJP_01765",CADCHN010000032.1,"sqvD,sqwF,sqwG,sqwH,sqwI,yihQ",sulfo-TK,min_up,d__Bacteria;p__Bacillota;c__Clostridia;o__Oscillospirales;f__Oscillospiraceae;g__Limivicinus;s__Limivicinus sp902801295,"[692.0, 265.0, 291.0, 137.0, 127.0, 149.0, 211.0]","[2.05e-243, 8.28e-83, 1.53e-97, 3.03e-38, 9.47e-35, 4.48e-45, 2.49e-64]","sqvD,sqwF,sqwG,sqwH,sqwI,yihQ",Oscillospirales
35901,"GCA_902801585.1_BIEDCL_01009,GCA_902801585.1_BIEDCL_01010,GCA_902801585.1_BIEDCL_01011,GCA_902801585.1_BIEDCL_01012",CADCIU010000015.1,"sqvA,sqvB,yihQ,yihU",sulfo-TAL,max,d__Bacteria;p__Bacillota;c__Clostridia;o__Lachnospirales;f__Lachnospiraceae;g__CAG-791;s__,"[700.0, 164.0, 115.0, 278.0]","[2.28e-246, 6.17e-49, 5.85e-29, 7.259999999999999e-94]","sqvA,sqvB,yihQ,yihU",Lachnospirales
36241,"GCA_902802045.1_ADAPHD_01522,GCA_902802045.1_ADAPHD_01524,GCA_902802045.1_ADAPHD_01525,GCA_902802045.1_ADAPHD_01526,GCA_902802045.1_ADAPHD_01527,GCA_902802045.1_ADAPHD_01528",CADCKQ010000006.1,"sqvD,sqwF,sqwG,sqwH,sqwI,yihQ",sulfo-TK,min_up,d__Bacteria;p__Bacillota;c__Clostridia;o__Oscillospirales;f__Oscillospiraceae;g__Limivicinus;s__Limivicinus sp902802045,"[660.0, 274.0, 284.0, 287.0, 166.0, 216.0]","[4.0600000000000003e-231, 2.8300000000000002e-86, 5.59e-95, 5.74e-95, 4.559999999999999e-52, 1.19e-65]","sqvD,sqwF,sqwG,sqwH,sqwI,yihQ",Oscillospirales
36415,"GCA_902802375.1_GPIKOC_01600,GCA_902802375.1_GPIKOC_01603,GCA_902802375.1_GPIKOC_01604,GCA_902802375.1_GPIKOC_01608",CADCLS010000017.1,"sqiA,sqvB,sqvD,yihV",sulfo-EMP,min_up,d__Bacteria;p__Bacillota;c__Clostridia;o__Oscillospirales;f__Acutalibacteraceae;g__UBA737;s__UBA737 sp902802375,"[99.4, 157.0, 122.0, 125.0]","[5.860000000000001e-21, 4.95e-45, 2.09e-31, 6.96e-34]","sqiA,sqvB,sqvD,yihV",Oscillospirales
36451,"GCA_902802365.1_FOACJG_00512,GCA_902802365.1_FOACJG_00517,GCA_902802365.1_FOACJG_00518,GCA_902802365.1_FOACJG_00519,GCA_902802365.1_FOACJG_00520,GCA_902802365.1_FOACJG_00521",CADCLZ010000023.1,"sqiA,sqvA,sqvB,sqvD,yihQ,yihU",sulfo-TAL,max,d__Bacteria;p__Bacillota;c__Bacilli;o__RFN20;f__CAG-826;g__Alloenteromonas;s__Alloenteromonas sp902802365,"[170.0, 122.0, 132.0, 114.0, 288.0, 483.0]","[6.21e-50, 7.26e-33, 9.66e-33, 1.37e-28, 5.32e-98, 1.71e-161]","sqiA,sqvA,sqvB,sqvD,yihQ,yihU",RFN20
36510,"GCA_902802575.1_MDHKHC_01256,GCA_902802575.1_MDHKHC_01259,GCA_902802575.1_MDHKHC_01260,GCA_902802575.1_MDHKHC_01263,GCA_902802575.1_MDHKHC_01264,GCA_902802575.1_MDHKHC_01265",CADCMN010000032.1,"sqvB,sqvD,sqwF,sqwG,sqwH,sqwI",sulfo-TK,min_up,d__Bacteria;p__Bacillota;c__Clostridia;o__Christensenellales;f__CAG-138;g__RUG472;s__RUG472 sp902802575,"[135.0, 213.0, 160.0, 295.0, 281.0, 275.0]","[5.61e-38, 2.45e-64, 1.79e-49, 7.41e-98, 6.659999999999999e-94, 1.01e-86]","sqvB,sqvD,sqwF,sqwG,sqwH,sqwI",Christensenellales
36800,"GCA_902803095.1_GJLADN_00681,GCA_902803095.1_GJLADN_00682,GCA_902803095.1_GJLADN_00683,GCA_902803095.1_GJLADN_00684",CADCOM010000098.1,"sqvA,sqvD,yihQ,yihU",sulfo-TAL,max,d__Bacteria;p__Bacillota;c__Clostridia;o__Oscillospirales;f__Acutalibacteraceae;g__CAG-177;s__CAG-177 sp017430535,"[583.0, 288.0, 122.0, 288.0]","[2.91e-200, 8.09e-98, 2.08e-31, 1.11e-91]","sqvA,sqvD,yihQ,yihU",Oscillospirales
36963,"GCA_902803185.1_HKHLDE_00284,GCA_902803185.1_HKHLDE_00285,GCA_902803185.1_HKHLDE_00286,GCA_902803185.1_HKHLDE_00288",CADCOV010000048.1,"sqvA,sqvD,yihQ,yihU",sulfo-TAL,max,d__Bacteria;p__Bacillota;c__Clostridia;o__Peptostreptococcales;f__Anaerovoracaceae;g__Eubacterium_B;s__Eubacterium_B sp902803185,"[266.0, 114.0, 273.0, 595.0]","[3.94e-83, 3.1000000000000004e-28, 4.68e-92, 4.99e-205]","sqvA,sqvD,yihQ,yihU",Peptostreptococcales
37234,"GCA_902803375.1_OLBJHL_01335,GCA_902803375.1_OLBJHL_01336,GCA_902803375.1_OLBJHL_01337,GCA_902803375.1_OLBJHL_01338,GCA_902803375.1_OLBJHL_01339",CADCPN010000056.1,"sqvA,sqvB,sqvD,yihQ,yihU",sulfo-TAL,max,d__Bacteria;p__Bacillota;c__Bacilli;o__RFN20;f__CAG-826;g__Alloenteromonas;s__Alloenteromonas sp902803375,"[140.0, 130.0, 99.4, 285.0, 466.0]","[4.87e-40, 9.32e-32, 7.52e-23, 8.76e-97, 5.13e-155]","sqvA,sqvB,sqvD,yihQ,yihU",RFN20
37363,"GCA_902803445.1_IDOHEG_00552,GCA_902803445.1_IDOHEG_00553",CADCPX010000111.1,"sqvA,yihU",sulfo-TAL,min_down,d__Bacteria;p__Bacillota;c__Clostridia;o__Lachnospirales;f__Lachnospiraceae;g__CAG-791;s__CAG-791 sp900313745,"[96.3, 248.0]","[1.3300000000000001e-21, 3.5e-82]","sqvA,yihU",Lachnospirales
37375,"GCA_902803445.1_IDOHEG_01333,GCA_902803445.1_IDOHEG_01334,GCA_902803445.1_IDOHEG_01335",CADCPX010000240.1,"sqiA,sqvD,yihV",sulfo-EMP,min_up,d__Bacteria;p__Bacillota;c__Clostridia;o__Lachnospirales;f__Lachnospiraceae;g__CAG-791;s__CAG-791 sp900313745,"[99.4, 149.0, 97.8]","[5.630000000000001e-21, 1.04e-41, 8.960000000000001e-22]","sqiA,sqvD,yihV",Lachnospirales
37800,"GCA_902803675.1_JICKHJ_01274,GCA_902803675.1_JICKHJ_01278,GCA_902803675.1_JICKHJ_01279,GCA_902803675.1_JICKHJ_01280,GCA_902803675.1_JICKHJ_01281,GCA_902803675.1_JICKHJ_01284",CADCQZ010000219.1,"sedA,slaB,sqiA,squF,sqvD,yihV",sulfo-EMP,max,d__Bacteria;p__Bacillota;c__Clostridia;o__Christensenellales;f__Aristaeellaceae;g__RUG756;s__RUG756 sp902782865,"[66.6, 187.0, 103.0, 108.0, 139.0, 65.9]","[4.25e-11, 2.7e-52, 6.56e-24, 3.0499999999999998e-24, 3.02e-38, 3.16e-11]","sedA,slaB,sqiA,squF,sqvD,yihV",Christensenellales
37807,"GCA_902803675.1_JICKHJ_01730,GCA_902803675.1_JICKHJ_01731,GCA_902803675.1_JICKHJ_01732,GCA_902803675.1_JICKHJ_01733",CADCQZ010000306.1,"sqiA,sqvD,yihV",sulfo-EMP,min_up,d__Bacteria;p__Bacillota;c__Clostridia;o__Christensenellales;f__Aristaeellaceae;g__RUG756;s__RUG756 sp902782865,"[47.4, 92.4, 144.0, 126.0]","[0.000257, 1.18e-18, 5.2099999999999986e-40, 8.190000000000001e-33]","sqiA,sqvD,yihV",Christensenellales
38001,"GCA_902803825.1_KACBAI_00128,GCA_902803825.1_KACBAI_00129,GCA_902803825.1_KACBAI_00130,GCA_902803825.1_KACBAI_00131,GCA_902803825.1_KACBAI_00133",CADCRR010000005.1,"sqvA,sqvB,sqvD,yihQ,yihU",sulfo-TAL,max,d__Bacteria;p__Bacillota;c__Clostridia;o__Oscillospirales;f__Acutalibacteraceae;g__UBA1081;s__UBA1081 sp900314355,"[120.0, 127.0, 91.7, 273.0, 583.0]","[5.750000000000001e-32, 8.320000000000001e-31, 6.07e-20, 3.41e-92, 3.6600000000000006e-200]","sqvA,sqvB,sqvD,yihQ,yihU",Oscillospirales
38167,"GCA_902804025.1_OOJMBO_02012,GCA_902804025.1_OOJMBO_02013,GCA_902804025.1_OOJMBO_02014",CADCSF010000148.1,"sqvA,sqvB,sqvD",sulfo-TAL,min_up,d__Bacteria;p__Bacillota;c__Clostridia;o__Lachnospirales;f__Lachnospiraceae;g__Anthropogastromicrobium;s__Anthropogastromicrobium sp900315495,"[154.0, 54.7, 154.0]","[9.71e-45, 1.98e-06, 1.55e-45]","sqvA,sqvB,sqvD",Lachnospirales
38219,"GCA_902804045.1_FFCNCC_01493,GCA_902804045.1_FFCNCC_01495,GCA_902804045.1_FFCNCC_01496,GCA_902804045.1_FFCNCC_01497,GCA_902804045.1_FFCNCC_01499",CADCSN010000142.1,"sqvA,sqvB,sqvD,yihQ,yihU",sulfo-TAL,max,d__Bacteria;p__Bacillota;c__Clostridia;o__Lachnospirales;f__Lachnospiraceae;g__RUG306;s__RUG306 sp900314085,"[279.0, 152.0, 123.0, 275.0, 523.0]","[4.7e-88, 3.39e-44, 1.04e-31, 8.7e-93, 3.68e-177]","sqvA,sqvB,sqvD,yihQ,yihU",Lachnospirales
